Anno	Codice	PuntoV	Imponibile	Iva	Totale	Contanti	Carta	Tickets	Assegni	Altro	Sospesi	Perdite
2025	100	1	1198.42	205.43	1403.85	615.38	523.85	0	0	264.62	0	0
2025	100	2	469.1	103.2	572.3	445.05	127.25	0	0	0	0	0
2025	101	1	2610.74	474.66	3085.4	1416.8	1215.4	0	0	453.2	0	0
2025	101	2	570.33	125.47	695.8	562.51	133	0	0	0	0	0.29
2025	102	1	1230.22	223.08	1453.3	908.76	328.3	0	0	216.24	0	0
2025	102	2	611.23	134.47	745.7	565	180.7	0	0	0	0	0
2025	103	1	862.92	121.98	984.9	516.54	159.9	0	0	308.46	0	0
2025	103	2	323.11	71.09	394.2	217	177.2	0	0	0	0	0
2025	104	1	1063.39	188.41	1251.8	708.02	336.8	0	0	206.98	0	0
2025	104	2	383.85	84.45	468.3	357.6	110	0	0	0	0	0.7
2025	105	1	1270.39	181.21	1451.6	488.3	516.6	0	0	446.7	0	0
2025	105	2	345.83	74.62	420.45	340.5	73.3	0	0	6.65	0	0
2025	106	1	1271.28	199.32	1470.6	624.7	480.6	0	0	365.3	0	0
2025	106	2	547.87	120.53	668.4	505.25	163	0	0	0	0	0.15
2025	107	1	1595.52	310.36	1905.88	1090.2	630.88	0	0	184.8	0	0
2025	107	2	515.98	113.52	629.5	438.1	191	0	0	0	0	0.4
2025	108	1	2256.3	395.08	2651.38	1204.5	986.38	0	0	460.5	0	0
2025	108	2	502.46	110.54	613	570.4	42.6	0	0	0	0	0
2025	109	1	1697.27	315.03	2012.3	1144.7	602.3	0	0	265.3	0	0
2025	109	2	473.52	104.18	577.7	430.5	147.2	0	0	0	0	0
2025	110	1	1378.32	231.18	1609.5	887.51	394.5	0	0	327.49	0	0
2025	110	2	473.93	104.27	578.2	429.8	148.4	0	0	0	0	0
2025	111	1	1167.03	146.37	1313.4	523.3	288.4	0	0	501.7	0	0
2025	111	2	540.98	119.02	660	512.9	146.1	0	0	0	0	1
2025	112	1	1400.41	243.89	1644.3	733.2	619.3	0	0	291.8	0	0
2025	112	2	494.51	108.79	603.3	486.05	117	0	0	0	0	0.25
2025	113	1	2097.57	316.13	2413.7	1149.38	603.7	0	0	660.62	0	0
2025	113	2	835.33	183.77	1019.1	866.6	152.5	0	0	0	0	0
2025	114	1	1998.51	431.39	2429.9	1602.37	789.9	0	0	37.63	0	0
2025	114	2	787.98	167.42	955.4	619.9	308.5	0	0	27	0	0
2025	115	1	1964.12	342.08	2306.2	1080.8	816.2	0	0	409.2	0	0
2025	115	2	722.21	158.89	881.1	723.51	157	0	0	0	0	0.59
2025	116	1	772.2	132.7	904.9	446	289.9	0	0	169	0	0
2025	116	2	331.89	73.01	404.9	336.7	68.2	0	0	0	0	0
2025	117	1	910.76	164.24	1075	660.8	250	0	0	164.2	0	0
2025	117	2	381.64	83.96	465.6	367.79	97.8	0	0	0	0	0.01
2025	118	1	1024.34	166.26	1190.6	526.4	395.6	0	0	268.6	0	0
2025	118	2	396.64	87.26	483.9	400.1	83.8	0	0	0	0	0
2025	119	1	1848.65	344.85	2193.5	1263.84	648.5	0	0	281.16	0	0
2025	119	2	680.08	149.62	829.7	584.1	245.5	0	0	0	0	0.1
2025	120	1	1097.48	211.02	1308.5	756.7	413.5	0	0	138.3	0	0
2025	120	2	484.59	106.61	591.2	448.5	142.5	0	0	0	0	0.2
2025	121	1	2148.01	401.09	2549.1	1330.12	894.1	0	0	324.88	0	0
2025	121	2	604.92	133.08	738	529.5	208.5	0	0	0	0	0
2025	122	1	2069.97	371.33	2441.3	1407.9	651.3	0	0	382.1	0	0
2025	122	2	878.36	193.24	1071.6	751.15	320	0	0	0	0	0.45
2025	123	1	810.32	136.58	946.9	510.5	246.9	0	0	189.5	0	0
2025	123	2	371.72	81.78	453.5	350	103.5	0	0	0	0	0
2025	124	1	948.08	164.77	1112.85	510.87	402.85	0	0	199.13	0	0
2025	124	2	262.21	57.69	319.9	289.8	30	0	0	0	0	0.1
2025	125	1	625.25	127.15	752.4	542.68	162.4	0	0	47.32	0	0
2025	125	2	259.51	57.09	316.6	259	57.6	0	0	0	0	0
2025	126	1	1130.42	177.68	1308.1	617.2	368.1	0	0	322.8	0	0
2025	126	2	355.25	78.15	433.4	388.43	44	0	0	0	0	0.97
2025	127	1	1106.27	216.83	1323.1	714.33	488.1	0	0	120.67	0	0
2025	127	2	384.02	84.48	468.5	342.2	126	0	0	0	0	0.3
2025	128	1	1990.39	376.91	2367.3	1142.82	947.3	0	0	277.18	0	0
2025	128	2	559.92	123.18	683.1	564.35	118	0	0	0	0	0.75
2025	129	1	1526.68	255.12	1781.8	782.98	631.8	0	0	367.02	0	0
2025	129	2	697.87	153.53	851.4	701	150	0	0	0	0	0.4
2025	130	1	929.9	144.8	1074.7	583.3	219.7	0	0	271.7	0	0
2025	130	2	308.44	67.86	376.3	328.4	47.9	0	0	0	0	0
2025	131	1	853.69	135.41	989.1	456.82	294.1	0	0	238.18	0	0
2025	131	2	317.79	69.91	387.7	318.5	69	0	0	0	0	0.2
2025	132	1	1157.82	168.88	1326.7	489.8	446.7	0	0	390.2	0	0
2025	132	2	315.9	69.5	385.4	299.19	86.2	0	0	0	0	0.01
2025	1	1	2032.55	160.25	2192.8	1030	732.8	0	0	430	0	0
2025	1	2	637.09	63.71	700.8	631.65	69	0	0	0	0	0.15
2025	2	1	1592.17	129.68	1721.85	1045.9	380.6	0	0	295.35	0	0
2025	2	2	692.91	69.29	762.2	584.2	178	0	0	0	0	0
2025	3	1	3222	234.05	3456.05	1658.54	916.05	0	0	881.46	0	0
2025	3	2	748	74.8	822.8	708.8	114	0	0	0	0	0
2025	4	1	2610.69	204.51	2815.2	1344.4	905.2	0	0	565.6	0	0
2025	4	2	1111.09	111.11	1222.2	1127	95	0	0	0	0	0.2
2025	5	1	2714.76	186.54	2901.3	1170.6	881.3	0	0	849.4	0	0
2025	5	2	872.27	87.23	959.5	779.5	180	0	0	0	0	0
2025	6	1	1232.15	98.75	1330.9	645.3	440.9	0	0	244.7	0	0
2025	6	2	358.18	35.82	394	314.49	79.5	0	0	0	0	0.01
2025	7	1	1099.55	83.72	1183.27	494.8	426.1	0	0	262.37	0	0
2025	7	2	380.02	38	418.02	347.5	70	0	0	0	0	0.52
2025	8	1	1266.2	102.58	1368.78	839.67	288.76	0	0	240.35	0	0
2025	8	2	393.37	39.34	432.71	373.5	59	0	0	0	0	0.21
2025	9	1	1215.22	111.58	1326.8	1227.4	0	0	0	99.4	0	0
2025	9	2	308.56	30.86	339.42	339.1	0	0	0	0	0	0.32
2025	10	1	2749.19	202.11	2951.3	1051.87	1171.3	0	0	728.13	0	0
2025	10	2	758.36	75.84	834.2	715.75	118	0	0	0	0	0.45
2025	11	1	1536.65	132.56	1669.21	1134	324.21	0	0	211	0	0
2025	11	2	818.64	81.86	900.5	715.4	185	0	0	0	0	0.1
2025	12	1	1032.55	79.45	1112	576.92	297	0	0	238.08	0	0
2025	12	2	380.64	38.06	418.7	391.4	27	0	0	0	0	0.3
2025	13	1	939.52	70.26	1009.78	513.12	259.76	0	0	236.9	0	0
2025	13	2	386.73	38.67	425.4	384.5	40.9	0	0	0	0	0
2025	14	1	1234.91	71.89	1306.8	423.99	366.8	0	0	516.01	0	0
2025	14	2	363.82	36.38	400.2	322	77.7	0	0	0	0	0.5
2025	15	1	1138.28	64.22	1202.5	483.9	222.5	0	0	496.1	0	0
2025	15	2	382	38.2	420.2	359.8	60	0	0	0	0	0.4
2025	16	1	1021.6	76.8	1098.4	576.4	268.4	0	0	253.6	0	0
2025	16	2	504.82	50.48	555.3	425.63	129.5	0	0	0	0	0.17
2025	17	1	2373.22	205.92	2579.14	1301.75	963.34	0	0	314.05	0	0
2025	17	2	871.09	87.11	958.2	827.6	130.6	0	0	0	0	0
2025	18	1	1897.27	167.83	2065.1	1081.05	765.1	0	0	218.95	0	0
2025	18	2	913.27	91.33	1004.6	775.7	228	0	0	0	0	0.9
2025	19	1	815.77	52.23	868	361.5	213	0	0	293.5	0	0
2025	19	2	303.75	27.75	331.5	273.2	32.1	0	0	26.2	0	0
2025	20	1	1062.29	81.91	1144.2	706.79	194.2	0	0	243.21	0	0
2025	20	2	405.55	40.55	446.1	301.9	144	0	0	0	0	0.2
2025	21	1	1237.46	92.84	1330.3	590.9	430.3	0	0	309.1	0	0
2025	21	2	398.27	39.83	438.1	366.1	72	0	0	0	0	0
2025	22	1	1356.76	110.59	1467.35	769.15	447.35	0	0	250.85	0	0
2025	22	2	408.52	40.85	449.37	357.5	91	0	0	0	0	0.87
2025	23	1	1298.75	87.15	1385.9	597.8	360.9	0	0	427.2	0	0
2025	23	2	455.35	43.66	499.01	399.8	80.5	0	0	18.71	0	0
2025	24	1	2650.18	220.99	2871.17	1369.77	1061.17	0	0	440.23	0	0
2025	24	2	590.82	59.08	649.9	537.2	112	0	0	0	0	0.7
2025	25	1	2164.95	186.65	2351.6	1216.6	836.6	0	0	298.4	0	0
2025	25	2	921.96	92.2	1014.16	872.7	141	0	0	0	0	0.46
2025	26	1	1011.45	86.07	1097.52	613.22	333.52	0	0	150.78	0	0
2025	26	2	347	34.7	381.7	313.35	68	0	0	0	0	0.35
2025	27	1	880.44	65.88	946.32	563.4	161.32	0	0	221.6	0	0
2025	27	2	341.27	34.13	375.4	308.3	67	0	0	0	0	0.1
2025	28	1	1097.29	92.21	1189.5	634.8	379.5	0	0	175.2	0	0
2025	28	2	339.64	33.96	373.6	317.2	56.4	0	0	0	0	0
2025	29	1	1013.68	84.82	1098.5	629.5	303.5	0	0	165.5	0	0
2025	29	2	310.73	31.07	341.8	254	87.8	0	0	0	0	0
2025	30	1	1329.54	94.16	1423.7	552.1	483.7	0	0	387.9	0	0
2025	30	2	379.57	37.96	417.53	329.9	87.5	0	0	0	0	0.13
2025	31	1	2357.81	207.59	2565.4	1393.1	890.4	0	0	281.9	0	0
2025	31	2	824.31	82.43	906.74	711.25	195	0	0	0	0	0.49
2025	32	1	1624.78	132.92	1757.7	927.7	534.4	0	0	295.6	0	0
2025	32	2	901.45	90.15	991.6	840.9	150	0	0	0	0	0.7
2025	33	1	915.87	57.63	973.5	315.42	318.5	0	0	339.58	0	0
2025	33	2	470.55	47.05	517.6	400.7	116.5	0	0	0	0	0.4
2025	133	1	894.39	166.01	1060.4	720.8	199.8	0	0	139.8	0	0
2025	133	2	359.92	79.18	439.1	340.2	98.9	0	0	0	0	0
2025	134	1	1048.34	190.26	1238.6	601.5	453.6	0	0	183.5	0	0
2025	134	2	410.08	90.22	500.3	395.8	104	0	0	0	0	0.5
2025	135	1	2170.48	397.07	2567.55	1394.41	807.55	0	0	365.59	0	0
2025	135	2	703.85	154.85	858.7	561.35	297.35	0	0	0	0	0
2025	136	1	1313.57	231.23	1544.8	937.5	344.8	0	0	262.5	0	0
2025	136	2	497.05	109.35	606.4	471.7	134.5	0	0	0	0	0.2
2025	137	1	906.93	134.87	1041.8	286.1	461.8	0	0	293.9	0	0
2025	137	2	363.28	79.92	443.2	367.75	75	0	0	0	0	0.45
2025	138	1	992.17	139.48	1131.65	371.85	401.65	0	0	358.15	0	0
2025	138	2	303.69	66.81	370.5	321.65	41.85	0	0	0	0	7
2025	139	1	1095.07	196.73	1291.8	804.15	286.8	0	0	200.85	0	0
2025	139	2	345.16	75.94	421.1	325.2	95.9	0	0	0	0	0
2025	140	1	1130.05	174.55	1304.6	648.34	319.6	0	0	336.66	0	0
2025	140	2	300.66	66.14	366.8	310.8	56	0	0	0	0	0
2025	141	1	1405.14	285.66	1690.8	958.3	625.8	0	0	106.7	0	0
2025	141	2	429.59	94.51	524.1	382.3	141	0	0	0	0	0.8
2025	142	1	2054.89	384.16	2439.05	1291.28	839.05	0	0	308.72	0	0
2025	142	2	603.2	132.7	735.9	599.55	136.35	0	0	0	0	0
2025	143	1	2004.83	309.92	2314.75	1043.88	674.75	0	0	596.12	0	0
2025	143	2	726.48	159.82	886.3	713.45	172.85	0	0	0	0	0
2025	144	1	1039.35	182.15	1221.5	723.6	286.5	0	0	211.4	0	0
2025	144	2	352.54	77.56	430.1	349.1	81	0	0	0	0	0
2025	145	1	889.21	130.03	1019.24	381.82	339.24	0	0	298.18	0	0
2025	145	2	352.79	77.61	430.4	347.44	82.96	0	0	0	0	0
2025	146	1	1162.28	189.2	1351.48	661.22	388	0	0	302.26	0	0
2025	146	2	347.38	76.42	423.8	347.79	76	0	0	0	0	0.01
2025	147	1	1019.94	168.91	1188.85	602.85	333.85	0	0	252.15	0	0
2025	147	2	361.64	79.56	441.2	328.65	112.55	0	0	0	0	0
2025	148	1	1251.71	217.69	1469.4	662.8	544.4	0	0	262.2	0	0
2025	148	2	332.38	73.12	405.5	370.6	34.9	0	0	0	0	0
2025	149	1	2138.42	396.58	2535	1299.02	900.2	0	0	335.78	0	0
2025	149	2	633.36	139.34	772.7	583	189.7	0	0	0	0	0
2025	150	1	1662.85	295.25	1958.1	1009.21	628.1	0	0	320.79	0	0
2025	150	2	550.49	121.11	671.6	540.3	131.3	0	0	0	0	0
2025	151	1	1869.53	368.37	2237.9	1144.9	897.9	0	0	195.1	0	0
2025	151	2	737.05	162.15	899.2	739.5	159.7	0	0	0	0	0
2025	152	1	944.72	165.18	1109.9	551.1	364.9	0	0	193.9	0	0
2025	152	2	448.2	98.6	546.8	427.2	119.6	0	0	0	0	0
2025	153	1	1344.3	203.68	1547.98	788.12	341.38	0	0	418.48	0	0
2025	153	2	384.1	84.5	468.6	360.08	108.52	0	0	0	0	0
2025	154	1	990.66	165.04	1155.7	564.5	350.7	0	0	240.5	0	0
2025	154	2	363.28	79.92	443.2	356.1	87	0	0	0	0	0.1
2025	155	1	1138.34	177.31	1315.65	447.63	535.65	0	0	332.37	0	0
2025	155	2	352.79	77.61	430.4	289.95	140.45	0	0	0	0	0
2025	156	1	2030.31	404.19	2434.5	1331.9	909.5	0	0	193.1	0	0
2025	156	2	492.62	108.38	601	429.44	171.5	0	0	0	0	0.06
2025	157	1	1429.06	272.94	1702	1041.6	472	0	0	188.4	0	0
2025	157	2	573.52	126.18	699.7	606.35	93	0	0	0	0	0.35
2025	158	1	1186.24	174.76	1361	573.15	396	0	0	391.85	0	0
2025	158	2	470.41	103.49	573.9	445	128.9	0	0	0	0	0
2025	159	1	1022.4	201.3	1223.7	527.6	588.7	0	0	107.4	0	0
2025	159	2	384.02	84.48	468.5	354.4	114	0	0	0	0	0.1
2025	160	1	1296.77	221.53	1518.3	718.66	509.8	0	0	289.84	0	0
2025	160	2	536.23	117.97	654.2	553.7	100.5	0	0	0	0	0
2025	161	1	1064.46	172.74	1237.2	510.7	447.2	0	0	279.3	0	0
2025	161	2	402.38	88.52	490.9	395.8	95.1	0	0	0	0	0
2025	162	1	1234.23	234.37	1468.6	787	512.7	0	0	168.9	0	0
2025	162	2	440.25	96.85	537.1	398.2	138.9	0	0	0	0	0
2025	163	1	1861.91	387.29	2249.2	1263.5	884.2	0	0	101.5	0	0
2025	163	2	450.74	99.16	549.9	458.3	91.6	0	0	0	0	0
2025	164	1	2045.39	394.71	2440.1	1313.73	875.1	0	0	251.27	0	0
2025	164	2	629.26	138.44	767.7	641.8	125.9	0	0	0	0	0
2025	165	1	1274.83	224.87	1499.7	704.1	542.9	0	0	252.7	0	0
2025	165	2	529.43	116.47	645.9	514.2	131.7	0	0	0	0	0
2025	34	1	1177.81	82.64	1260.45	428.6	480.45	0	0	351.4	0	0
2025	34	2	343.55	34.35	377.9	312.25	53.5	0	0	0	0	12.15
2025	35	1	975.43	68.17	1043.6	420.9	329	0	0	293.7	0	0
2025	35	2	377.13	37.71	414.84	348.4	66.4	0	0	0	0	0.04
2025	36	1	1233.31	97.97	1331.28	671.4	406.28	0	0	253.6	0	0
2025	36	2	356.67	35.67	392.34	366	26.3	0	0	0	0	0.04
2025	37	1	1190.75	103.35	1294.1	772.7	364.1	0	0	157.3	0	0
2025	37	2	500.73	50.07	550.8	465.19	85.6	0	0	0	0	0.01
2025	38	1	2645.77	215.03	2860.8	1324.55	1040.8	0	0	495.45	0	0
2025	38	2	927.45	92.75	1020.2	913.46	106.5	0	0	0	0	0.24
2025	39	1	1825.32	134.85	1960.17	948.1	535.27	0	0	476.8	0	0
2025	39	2	868	86.8	954.8	749.4	205	0	0	0	0	0.4
2025	40	1	963.71	75.09	1038.8	572.22	253.8	0	0	212.78	0	0
2025	40	2	417.64	41.76	459.4	413.7	45	0	0	0	0	0.7
2025	41	1	948.86	87.94	1036.8	765.5	201.8	0	0	69.5	0	0
2025	41	2	389.86	38.99	428.85	335.2	93.65	0	0	0	0	0
2025	42	1	1052.52	89.94	1142.46	636.92	352.46	0	0	153.08	0	0
2025	42	2	333.91	33.39	367.3	308.3	59	0	0	0	0	0
2025	43	1	1403.79	104.61	1508.4	805.75	345	0	0	357.65	0	0
2025	43	2	404.82	40.48	445.3	383.7	61.6	0	0	0	0	0
2025	44	1	1495.17	111.23	1606.4	762.1	461.4	0	0	382.9	0	0
2025	44	2	401.36	40.14	441.5	361.8	79.5	0	0	0	0	0.2
2025	45	1	2021.15	182.25	2203.4	1281.34	723.4	0	0	198.66	0	0
2025	45	2	616.55	61.65	678.2	608.67	69.5	0	0	0	0	0.03
2025	46	1	1942.95	165.65	2108.6	1108.6	713.6	0	0	286.4	0	0
2025	46	2	916.71	91.67	1008.38	844.35	164	0	0	0	0	0.03
2025	47	1	1051.78	75.32	1127.1	476.4	352.1	0	0	298.6	0	0
2025	47	2	360.18	36.02	396.2	307.1	89	0	0	0	0	0.1
2025	48	1	934.07	61.93	996	340.2	341	0	0	314.8	0	0
2025	48	2	408	40.8	448.8	377.2	71.5	0	0	0	0	0.1
2025	49	1	904.58	61.82	966.4	383.6	296.4	0	0	286.4	0	0
2025	49	2	326.45	32.65	359.1	327.1	32	0	0	0	0	0
2025	50	1	1042.34	75.36	1117.7	466.3	362.7	0	0	288.7	0	0
2025	50	2	400.36	40.04	440.4	405.7	34.5	0	0	0	0	0.2
2025	51	1	1131.73	95.49	1227.22	586.2	464.22	0	0	176.8	0	0
2025	51	2	437.18	43.72	480.9	400.85	80	0	0	0	0	0.05
2025	52	1	2522.1	175.7	2697.8	1879.88	52.8	0	0	765.12	0	0
2025	52	2	755.84	74.06	829.9	788.54	26.1	0	0	15.26	0	0
2025	53	1	1627.81	107.19	1735	1179.1	0	0	0	555.9	0	0
2025	53	2	720.5	71.5	792	786.5	0	0	0	5.5	0	0
2025	54	1	941.12	70.18	1011.3	550.7	221.3	0	0	239.3	0	0
2025	54	2	388.91	38.89	427.8	356.9	70.5	0	0	0	0	0.4
2025	55	1	1072.55	78.12	1150.67	628.7	230.67	0	0	291.3	0	0
2025	55	2	406.55	40.65	447.2	376.14	71	0	0	0	0	0.06
2025	56	1	861.91	66.19	928.1	425	303.1	0	0	200	0	0
2025	56	2	449.82	44.98	494.8	339.8	155	0	0	0	0	0
2025	57	1	1063.47	72.33	1135.8	384.82	410.8	0	0	340.18	0	0
2025	57	2	379.36	37.94	417.3	354.85	62	0	0	0	0	0.45
2025	58	1	1168.67	87.13	1255.8	707.58	250.8	0	0	297.42	0	0
2025	58	2	336.5	33.65	370.15	331.5	38.6	0	0	0.05	0	0
2025	59	1	2571.39	219.47	2790.86	1423.32	990.86	0	0	376.68	0	0
2025	59	2	762.18	76.22	838.4	681.6	156.6	0	0	0	0	0.2
2025	60	1	1553.87	119.33	1673.2	839.4	473.2	0	0	360.6	0	0
2025	60	2	789.93	78.99	868.92	868.31	0	0	0	0	0	0.61
2025	61	1	1284.77	81.43	1366.2	539.48	356.2	0	0	470.52	0	0
2025	61	2	439.18	43.92	483.1	400.7	82	0	0	0	0	0.4
2025	62	1	1143.15	102.35	1245.5	630.4	495.5	0	0	119.6	0	0
2025	62	2	449.27	44.93	494.2	410.5	83.5	0	0	0	0	0.2
2025	63	1	1142.75	78.35	1221.1	480.6	381.3	0	0	359.2	0	0
2025	63	2	317.64	31.76	349.4	329.3	20	0	0	0	0	0.1
2025	64	1	1092.93	75.37	1168.3	565.8	263.3	0	0	339.2	0	0
2025	64	2	426.64	42.66	469.3	397.95	71	0	0	0	0	0.35
2025	65	1	1205.2	102.9	1308.1	770.8	361.1	0	0	176.2	0	0
2025	65	2	406.91	40.69	447.6	273.2	174	0	0	0	0	0.4
2025	66	1	2698.02	217.68	2915.7	1378.8	1015.7	0	0	521.2	0	0
2025	66	2	662.27	66.23	728.5	706.06	22	0	0	0	0	0.44
2025	166	1	1176.3	211.6	1387.9	785.5	387.9	0	0	214.5	0	0
2025	166	2	515.66	113.44	629.1	513.4	115.7	0	0	0	0	0
2025	167	1	1373.19	264.11	1637.3	924.6	540	0	0	172.7	0	0
2025	167	2	716.31	157.59	873.9	721.8	152.1	0	0	0	0	0
2025	168	1	1246.45	224.6	1471.05	627.5	618	0	0	225.55	0	0
2025	168	2	395.25	86.95	482.2	407.49	74.7	0	0	0	0	0.01
2025	169	1	1325.61	244.89	1570.5	692.51	665.5	0	0	212.49	0	0
2025	169	2	412.95	90.85	503.8	407.9	95.9	0	0	0	0	0
2025	170	1	2301.74	439.96	2741.7	1098.1	1341.7	0	0	301.9	0	0
2025	170	2	641.89	141.21	783.1	656.7	126.4	0	0	0	0	0
2025	171	1	1874.75	366.55	2241.3	1346.37	686.3	0	0	208.63	0	0
2025	171	2	651.56	143.34	794.9	640.1	154.8	0	0	0	0	0
2025	172	1	1179.19	215.01	1394.2	713.15	479.2	0	0	201.85	0	0
2025	172	2	445.08	97.92	543	478.2	64.8	0	0	0	0	0
2025	173	1	1115.05	203.25	1318.3	743.81	383.3	0	0	191.19	0	0
2025	173	2	449.02	98.78	547.8	383	164.8	0	0	0	0	0
2025	174	1	1082.77	180.83	1263.6	393.4	609.4	0	0	260.8	0	0
2025	174	2	435.08	95.72	530.8	398.3	132.5	0	0	0	0	0
2025	175	1	1436.42	273.28	1709.7	850.78	664.7	0	0	194.22	0	0
2025	175	2	551.48	121.32	672.8	538.5	134.3	0	0	0	0	0
2025	176	1	1328.37	258.63	1587	822.2	612	0	0	152.8	0	0
2025	176	2	499.1	109.8	608.9	478.09	130.8	0	0	0	0	0.01
2025	177	1	2083.18	404.17	2487.35	1338.96	902.35	0	0	246.04	0	0
2025	177	2	669.92	147.38	817.3	681.05	136.25	0	0	0	0	0
2025	178	1	1616.61	309.64	1926.25	970.85	746.25	0	0	209.15	0	0
2025	178	2	689.75	151.75	841.5	703.45	138.05	0	0	0	0	0
2025	179	1	1230.74	221.46	1452.2	705.91	522.2	0	0	224.09	0	0
2025	179	2	589.34	129.66	719	559.8	159.2	0	0	0	0	0
2024	1	1	1964.02	174.02	2138.04	1276.19	638	0	0	223.85	0	0
2024	1	2	675.14	67.16	742.3	655	83.8	0	0	3.5	0	0
2024	2	1	1892.56	166.84	2059.4	1260.8	574.4	0	0	224.2	0	0
2024	2	2	628.96	62.85	691.81	534.6	156.7	0	0	0.51	0	0
2024	3	1	1747.21	134.59	1881.8	1018.68	461.8	0	0	401.32	0	0
2024	3	2	566.11	54.09	620.2	452.3	142.7	0	0	25.2	0	0
2024	4	1	2095.3	153.75	2249.05	1157.2	534.05	0	0	557.8	0	0
2024	4	2	687.46	68.74	756.2	651.8	104.3	0	0	0.1	0	0
2024	5	1	2409.86	196.76	2606.62	1447.7	716.62	0	0	442.3	0	0
2024	5	2	942.91	94.29	1037.2	858.5	175.1	0	0	0	0	3.6
2024	6	1	1965.04	152.36	2117.4	1208.52	467.4	0	0	441.48	0	0
2024	6	2	985.29	98.31	1083.6	887	194.4	0	0	2.2	0	0
2024	7	1	1330.45	98.05	1428.5	815.05	263.5	0	0	349.95	0	0
2024	7	2	372.18	37.22	409.4	353.4	53.2	0	0	0	0	2.8
2024	8	1	1272.03	80.27	1352.3	575.72	307.3	0	0	469.28	0	0
2024	8	2	399.54	39.56	439.1	389.2	46	0	0	3.9	0	0
2024	9	1	1241.67	99.33	1341	741.65	351	0	0	248.35	0	0
2024	9	2	353.08	35.07	388.15	353.8	32	0	0	2.35	0	0
2024	10	1	1302.46	77.24	1379.7	529.9	319.7	0	0	530.1	0	0
2024	10	2	428.73	42.87	471.6	379.3	87.3	0	0	0	0	5
2024	11	1	1258.26	100.64	1358.9	833.1	273.9	0	0	251.9	0	0
2024	11	2	592.98	57.92	650.9	475.8	161.3	0	0	13.8	0	0
2024	12	1	2513.54	225.26	2738.8	1724.03	753.8	0	0	260.97	0	0
2024	12	2	789.36	78.94	868.3	751.6	114.6	0	0	0	0	2.1
2024	13	1	1967.6	140.8	2108.4	1160.37	388.4	0	0	559.63	0	0
2024	13	2	969.21	96.29	1065.5	869	190.2	0	0	6.3	0	0
2024	14	1	1282.43	96.77	1379.2	720.3	344.2	0	0	314.7	0	0
2024	14	2	582.36	58.24	640.6	493.4	140.2	0	0	0	0	7
2024	15	1	1078.12	70.38	1148.5	590.65	183.5	0	0	374.35	0	0
2024	15	2	434.36	43.44	477.8	411.3	65	0	0	0	0	1.5
2024	16	1	1286.77	104.87	1391.64	831.98	321.64	0	0	238.02	0	0
2024	16	2	524.55	52.45	577	510.35	65.9	0	0	0	0	0.75
2024	17	1	1065.71	78.19	1143.9	521.22	338.9	0	0	283.78	0	0
2024	17	2	424.91	42.49	467.4	393.7	69.1	0	0	0	0	4.6
2024	18	1	1609.4	121.67	1731.07	802.27	536.07	0	0	392.73	0	0
2024	18	2	417.92	41.78	459.7	339.4	120.2	0	0	0.1	0	0
2024	19	1	2670.01	214.99	2885	1659.9	705	0	0	520.1	0	0
2024	19	2	950.64	95.06	1045.7	838.1	206	0	0	0	0	1.6
2025	67	1	1384.37	114.73	1499.1	737.9	524.1	0	0	237.1	0	0
2025	67	2	821.09	82.11	903.2	813.4	89.8	0	0	0	0	0
2025	68	1	950.26	62.74	1013	432.14	258	0	0	322.86	0	0
2025	68	2	404.73	40.47	445.2	399.5	0	0	0	0	0	45.7
2025	69	1	1051.73	64.47	1116.2	348	361.2	0	0	407	0	0
2025	69	2	254.44	24.76	279.2	224	48.4	0	0	6.8	0	0
2025	70	1	1000.33	63.77	1064.1	432.4	269.1	0	0	362.6	0	0
2025	70	2	341.09	34.11	375.2	329	46	0	0	0	0	0.2
2025	71	1	949.35	68.85	1018.2	349.2	408.2	0	0	260.8	0	0
2025	71	2	333.64	33.36	367	347.6	19	0	0	0	0	0.4
2025	72	1	929.43	76.67	1006.1	512.3	331.1	0	0	162.7	0	0
2025	72	2	359.45	35.95	395.4	314.5	80.5	0	0	0	0	0.4
2025	73	1	2472.84	216.36	2689.2	1265.8	1114.2	0	0	309.2	0	0
2025	73	2	637.73	63.77	701.5	589.25	112	0	0	0	0	0.25
2025	74	1	1647.1	137.4	1784.5	896.9	614.5	0	0	273.1	0	0
2025	74	2	631.91	63.19	695.1	564.3	130.8	0	0	0	0	0
2025	75	1	1001.63	78.97	1080.6	483.1	385.6	0	0	211.9	0	0
2025	75	2	346.18	34.62	380.8	365.89	14.9	0	0	0	0	0.01
2025	76	1	901.47	64.23	965.7	440.8	265.7	0	0	259.2	0	0
2025	76	2	388.64	38.86	427.5	332.47	95	0	0	0	0	0.03
2025	77	1	967.75	63.85	1031.6	435.7	266.6	0	0	329.3	0	0
2025	77	2	404.01	28.19	432.2	200	110.1	0	0	122.1	0	0
2025	78	1	1034.86	75.84	1110.7	478.5	355.7	0	0	276.5	0	0
2025	78	2	298.82	29.88	328.7	318.2	10.5	0	0	0	0	0
2025	79	1	1283.15	106.85	1390	730.4	445	0	0	214.6	0	0
2025	79	2	409	40.9	449.9	311.52	138	0	0	0	0	0.38
2025	80	1	2501.56	200.24	2701.8	1255.8	946.8	0	0	499.2	0	0
2025	80	2	823.09	82.31	905.4	722.8	182.5	0	0	0	0	0.1
2025	81	1	1767.75	162.55	1930.3	1212.75	575.3	0	0	142.25	0	0
2025	81	2	807.18	80.72	887.9	649.25	238.5	0	0	0	0	0.15
2025	82	1	926.05	68.05	994.1	489.4	259.1	0	0	245.6	0	0
2025	82	2	336.73	33.67	370.4	323.5	45.9	0	0	0	0	1
2025	83	1	858.38	64.82	923.2	364.8	348.2	0	0	210.2	0	0
2025	83	2	331.73	33.17	364.9	278.6	86.3	0	0	0	0	0
2025	84	1	964.81	63.79	1028.6	338.1	363.6	0	0	326.9	0	0
2025	84	2	360.18	36.02	396.2	353.9	42.3	0	0	0	0	0
2025	85	1	1105.64	90.06	1195.7	605.01	385.7	0	0	204.99	0	0
2025	85	2	477.64	47.76	525.4	362.9	162	0	0	0	0	0.5
2025	86	1	1109.75	90.35	1200.1	768.7	225.1	0	0	206.3	0	0
2025	86	2	384.82	38.48	423.3	321.9	101	0	0	0	0	0.4
2025	87	1	2377.22	205.18	2582.4	1309.6	947.4	0	0	325.4	0	0
2025	87	2	675.27	67.53	742.8	548.96	193.5	0	0	0	0	0.34
2025	88	1	1715.6	136.9	1852.5	833.4	672.5	0	0	346.6	0	0
2025	88	2	777.73	77.77	855.5	679.88	175.5	0	0	0	0	0.12
2025	89	1	1012.52	71.88	1084.4	446.3	344.4	0	0	293.7	0	0
2025	89	2	311.55	31.15	342.7	285.4	57.3	0	0	0	0	0
2025	90	1	1038.28	157.62	1195.9	528.2	345.9	0	0	321.8	0	0
2025	90	2	404.26	88.94	493.2	418.29	74	0	0	0	0	0.91
2025	91	1	750.72	118.78	869.5	389.2	269.5	0	0	210.8	0	0
2025	91	2	324.67	71.43	396.1	309.4	86.5	0	0	0	0	0.2
2025	92	1	1029.13	174.07	1203.2	632.09	333.2	0	0	237.91	0	0
2025	92	2	335.45	73.8	409.25	338.2	71	0	0	0	0	0.05
2025	93	1	1152.65	210.95	1363.6	631.2	538.6	0	0	193.8	0	0
2025	93	2	372.87	82.03	454.9	359.9	95	0	0	0	0	0
2025	94	1	2167.06	408.24	2575.3	1248.59	1015.3	0	0	311.41	0	0
2025	94	2	543.44	119.56	663	578.55	84	0	0	0	0	0.45
2025	95	1	1649.24	250.26	1899.5	843.3	544.5	0	0	511.7	0	0
2025	95	2	856.8	188.5	1045.3	872.4	172.5	0	0	0	0	0.4
2025	96	1	1014.5	149.4	1163.9	454.9	373.6	0	0	335.4	0	0
2025	96	2	374.92	82.48	457.4	389.6	67.8	0	0	0	0	0
2025	97	1	928.76	145.54	1074.3	572.8	234.3	0	0	267.2	0	0
2025	97	2	454.26	99.94	554.2	449.7	104.5	0	0	0	0	0
2025	98	1	1208.91	225.19	1434.1	809.67	439.1	0	0	185.33	0	0
2025	98	2	357.3	78.6	435.9	374.56	61.3	0	0	0	0	0.04
2025	99	1	1042.62	191.38	1234	274	787.3	0	0	172.7	0	0
2025	99	2	325.16	71.54	396.7	348.8	47.9	0	0	0	0	0
2024	53	1	1285.18	105.02	1390.2	795	360.2	0	0	235	0	0
2024	53	2	457.18	45.72	502.9	449.9	47.7	0	0	0	0	5.3
2024	54	1	2104.22	193.38	2297.6	1454.56	672.6	0	0	170.44	0	0
2024	54	2	635.91	63.59	699.5	622.8	76.1	0	0	0	0	0.6
2024	55	1	1937.99	161.31	2099.3	1325.1	449.3	0	0	324.9	0	0
2024	55	2	1088.91	108.89	1197.8	987.8	206	0	0	0	0	4
2024	56	1	997.57	74.48	1072.05	592.25	227.05	0	0	252.75	0	0
2024	56	2	337	33.7	370.7	307	62	0	0	0	0	1.7
2024	57	1	1095.14	94.46	1189.6	614.45	424.6	0	0	150.55	0	0
2024	57	2	335.83	31.87	367.7	302.7	47.9	0	0	17.1	0	0
2024	58	1	940.43	71.77	1012.2	517.3	272.2	0	0	222.7	0	0
2024	58	2	371.36	37.14	408.5	352.55	55.9	0	0	0	0	0.05
2024	59	1	987.09	77.21	1064.3	585.03	264.3	0	0	214.97	0	0
2024	59	2	490.09	49.01	539.1	434.4	104.1	0	0	0	0	0.6
2024	60	1	1376.85	95.65	1472.5	659.62	392.5	0	0	420.38	0	0
2024	60	2	432.34	43.16	475.5	400.88	73.9	0	0	0.72	0	0
2024	61	1	2308.79	192.21	2501	1153.3	961	0	0	386.7	0	0
2024	61	2	869.17	86.35	955.52	762.6	187.2	0	0	5.72	0	0
2024	62	1	2034.59	190.05	2224.64	1455.93	634.64	0	0	134.07	0	0
2024	62	2	907.41	90.59	998	891.4	105.1	0	0	1.5	0	0
2024	63	1	892.73	74.67	967.4	548.97	272.4	0	0	146.03	0	0
2024	63	2	390.3	39	429.3	382.1	46.9	0	0	0.3	0	0
2024	64	1	1036.81	78.59	1115.4	599.1	265.4	0	0	250.9	0	0
2024	64	2	381.54	37.76	419.3	317.5	97.9	0	0	3.9	0	0
2024	65	1	1090.15	77.55	1167.7	615.3	237.7	0	0	314.7	0	0
2024	65	2	321.45	32.15	353.6	303	50.5	0	0	0	0	0.1
2024	66	1	927.58	80.32	1007.9	675.6	207.9	0	0	124.4	0	0
2024	66	2	253.04	25.26	278.3	248.8	29.1	0	0	0.4	0	0
2024	67	1	1536.03	113.87	1649.9	777.7	474.9	0	0	397.3	0	0
2024	67	2	347.92	34.58	382.5	358.6	21.8	0	0	2.1	0	0
2024	68	1	2415.54	229.88	2645.42	1703.26	825.42	0	0	116.74	0	0
2024	68	2	734.8	73.2	808	634.3	170.9	0	0	2.8	0	0
2024	69	1	1628.72	145.68	1774.4	1208.11	394.4	0	0	171.89	0	0
2024	69	2	793.91	79.39	873.3	742.1	121.4	0	0	0	0	9.8
2024	70	1	977.83	74.97	1052.8	646.87	177.8	0	0	228.13	0	0
2024	70	2	330.08	31.87	361.95	326.22	24.4	0	0	11.33	0	0
2024	71	1	1039.91	70.56	1110.47	520.65	255.47	0	0	334.35	0	0
2024	71	2	329.98	32.62	362.6	314.1	44.7	0	0	3.8	0	0
2024	72	1	1183.77	104.13	1287.9	767.54	377.9	0	0	142.46	0	0
2024	72	2	409.78	40.92	450.7	343.2	106.9	0	0	0.6	0	0
2024	73	1	1460.4	80.25	1540.65	625.55	257.15	0	0	657.95	0	0
2024	73	2	422.27	42.23	464.5	394	68.3	0	0	0	0	2.2
2024	74	1	1479.85	118.54	1598.39	765.55	538.39	0	0	294.45	0	0
2024	74	2	518.31	51.34	569.65	449	115.7	0	0	4.95	0	0
2024	75	1	2837.86	235.24	3073.1	1709.5	878.1	0	0	485.5	0	0
2024	75	2	1426.27	142.63	1568.9	1152.95	415.5	0	0	0	0	0.45
2024	76	1	2146.98	196.55	2343.53	1533.51	628.53	0	0	181.49	0	0
2024	76	2	763.23	76.32	839.55	705.7	133.8	0	0	0.05	0	0
2024	77	1	895.14	61.56	956.7	495.47	181.7	0	0	279.53	0	0
2024	77	2	291.18	29.12	320.3	293.6	26.5	0	0	0	0	0.2
2024	78	1	1136.65	94.45	1231.1	687.83	351.1	0	0	192.17	0	0
2024	78	2	423.54	42.06	465.6	375.8	86.9	0	0	2.9	0	0
2024	79	1	1404.32	120.28	1524.6	978.5	344.6	0	0	201.5	0	0
2024	79	2	349.85	34.55	384.4	317.8	62.3	0	0	4.3	0	0
2024	80	1	2280.9	215.9	2496.8	1663.1	711.8	0	0	121.9	0	0
2024	80	2	783.01	78.24	861.25	702	158.6	0	0	0.65	0	0
2024	81	1	1227.7	101.1	1328.8	753.3	358.8	0	0	216.7	0	0
2024	81	2	730.64	73.06	803.7	551.7	251.6	0	0	0	0	0.4
2024	82	1	980.6	75.7	1056.3	561.4	271.3	0	0	223.6	0	0
2024	82	2	335.64	33.56	369.2	326.2	42.1	0	0	0	0	0.9
2024	83	1	1266.19	103.91	1370.1	807.94	335.1	0	0	227.06	0	0
2024	83	2	344.91	34.49	379.4	317.5	55.9	0	0	0	0	6
2024	84	1	1268.39	97.01	1365.4	646.67	420.4	0	0	298.33	0	0
2024	84	2	435.45	43.55	479	419.15	59.7	0	0	0	0	0.15
2024	85	1	1632.08	131.02	1763.1	1028.1	413.1	0	0	321.9	0	0
2024	85	2	599	59.9	658.9	577.75	80.1	0	0	0	0	1.05
2024	86	1	1751.65	140.73	1892.38	1090.67	457.38	0	0	344.33	0	0
2024	86	2	523.09	52.31	575.4	479.5	95.2	0	0	0	0	0.7
2024	87	1	2384.11	218.49	2602.6	1610.8	792.6	0	0	199.2	0	0
2024	87	2	652.36	65.24	717.6	572.4	144.8	0	0	0	0	0.4
2024	88	1	1331.28	88.72	1420	645.9	330	0	0	444.1	0	0
2024	88	2	780.55	78.05	858.6	724.88	133.4	0	0	0	0	0.32
2024	89	1	2005.5	164.6	2170.1	1235.5	575.1	0	0	359.5	0	0
2024	89	2	588.1	58.7	646.8	583.4	62.3	0	0	1.1	0	0
2024	90	1	1101.01	99.23	1200.24	851.24	240.24	0	0	108.76	0	0
2024	90	2	389.55	38.95	428.5	392.2	36.3	0	0	0	0	0
2024	91	1	954.55	79	1033.55	710.5	158.55	0	0	164.5	0	0
2024	91	2	290.53	28.97	319.5	253.8	64.9	0	0	0.8	0	0
2024	92	1	1139.59	80.11	1219.7	556.5	324.7	0	0	338.5	0	0
2024	92	2	275.36	27.54	302.9	265	37.1	0	0	0	0	0.8
2024	93	1	2102.65	197.35	2300	1480.85	690	0	0	129.15	0	0
2024	93	2	684.48	68.22	752.7	635	115.4	0	0	2.3	0	0
2024	94	1	2004.99	177.31	2182.3	1293.1	657.3	0	0	231.9	0	0
2024	94	2	705.43	70.37	775.8	668.6	105.5	0	0	1.7	0	0
2024	95	1	1102.89	78.91	1181.8	626.2	241.8	0	0	313.8	0	0
2024	95	2	292.4	29.1	321.5	289.4	30.7	0	0	1.4	0	0
2024	96	1	1063.28	91.62	1154.9	772.9	234.9	0	0	147.1	0	0
2024	96	2	271.88	25.92	297.8	261.3	23.8	0	0	12.7	0	0
2024	97	1	1022.62	68.18	1090.8	549.2	200.8	0	0	340.8	0	0
2024	97	2	332.18	33.22	365.4	322.5	32.5	0	0	0	0	10.4
2024	98	1	1126.38	85.92	1212.3	657.8	287.3	0	0	267.2	0	0
2024	98	2	393.64	39.36	433	325.82	103.1	0	0	0	0	4.08
2024	99	1	1286.46	106.71	1393.17	850.6	323.17	0	0	219.4	0	0
2024	99	2	339.4	32.7	372.1	327	32.7	0	0	12.4	0	0
2024	100	1	2322.6	216	2538.6	1352.4	1023.6	0	0	162.6	0	0
2024	100	2	598.45	59.85	658.3	484.1	173.2	0	0	0	0	1
2024	101	1	2078.86	192.84	2271.7	1459.52	661.7	0	0	150.48	0	0
2024	101	2	596.73	59.37	656.1	516.7	136.4	0	0	3	0	0
2024	102	1	966.13	65.37	1031.5	507.54	211.5	0	0	312.46	0	0
2024	102	2	324.45	32.45	356.9	289.9	57.9	0	0	0	0	9.1
2024	103	1	1066.25	87.15	1153.4	655.26	303.4	0	0	194.74	0	0
2024	103	2	320.27	32.03	352.3	249.05	91.7	0	0	0	0	11.55
2024	104	1	1074.68	85.22	1159.9	692.5	244.9	0	0	222.5	0	0
2024	104	2	321.03	31.07	352.1	320.9	20.9	0	0	10.3	0	0
2024	105	1	1058.1	93.9	1152	680.9	352	0	0	119.1	0	0
2024	105	2	359.18	35.92	395.1	307.5	86	0	0	0	0	1.6
2024	106	1	1123.15	99.76	1222.91	794.44	302.91	0	0	125.56	0	0
2024	106	2	391.55	39.15	430.7	358.1	62.6	0	0	0	0	10
2024	107	1	2572.03	233.27	2805.3	1680.65	885.3	0	0	239.35	0	0
2024	107	2	894.35	88.75	983.1	880.2	96.1	0	0	6.8	0	0
2024	108	1	1762.43	155.97	1918.4	1097.25	618.4	0	0	202.75	0	0
2024	108	2	616.27	61.63	677.9	582.76	94.9	0	0	0	0	0.24
2024	109	1	956	79.9	1035.9	628	250.9	0	0	157	0	0
2024	109	2	345.31	34.29	379.6	332.7	44.5	0	0	2.4	0	0
2024	110	1	1034.37	74.33	1108.7	573.9	243.7	0	0	291.1	0	0
2024	110	2	341.18	34.12	375.3	323.4	51.7	0	0	0	0	0.2
2024	111	1	1318.77	114.23	1433	943.5	313	0	0	176.5	0	0
2024	111	2	476	47.6	523.6	425.8	96.6	0	0	0	0	1.2
2024	112	1	2254.23	199.07	2453.3	1391.47	798.3	0	0	263.53	0	0
2024	112	2	1027.27	102.73	1130	945.1	184.6	0	0	0	0	0.3
2024	113	1	1351.98	124.52	1476.5	883.2	486.5	0	0	106.8	0	0
2024	113	2	466.56	46.64	513.2	403.82	109.2	0	0	0.18	0	0
2024	114	1	2121.22	200.98	2322.2	1318.6	892.2	0	0	111.4	0	0
2024	114	2	685.87	67.96	753.83	599.8	147.8	0	0	6.23	0	0
2024	115	1	1866.22	162.28	2028.5	1231.61	553.5	0	0	243.39	0	0
2024	115	2	800.62	80.06	880.68	694.3	178.3	0	0	0	0	8.08
2024	116	1	1200.64	108.06	1308.7	840	348.7	0	0	120	0	0
2024	116	2	442.82	44.08	486.9	425.5	59.4	0	0	2	0	0
2024	117	1	1338.73	130.52	1469.25	1051.5	384.25	0	0	33.5	0	0
2024	117	2	460.45	46.05	506.5	434.2	69.6	0	0	0	0	2.7
2024	118	1	2090.63	177.07	2267.7	1200.1	747.7	0	0	319.9	0	0
2024	118	2	895.09	89.51	984.6	826.1	151	0	0	0	0	7.5
2024	119	1	1178.22	101.27	1279.49	742.52	371.5	0	0	165.47	0	0
2024	119	2	477.42	47.68	525.1	458.5	66	0	0	0.6	0	0
2024	120	1	1240.15	103.05	1343.2	650.34	483.2	0	0	209.66	0	0
2024	120	2	516.23	51.57	567.8	455.5	111.8	0	0	0.5	0	0
2024	121	1	2016.43	185.37	2201.8	1312.25	726.8	0	0	162.75	0	0
2024	121	2	649.45	64.95	714.4	549.5	144.9	0	0	0	0	20
2024	122	1	1994.34	178.26	2172.6	1308.3	652.6	0	0	211.7	0	0
2024	122	2	604.73	59.05	663.78	582.7	66.9	0	0	14.18	0	0
2024	123	1	1157.44	102.96	1260.4	762.21	370.4	0	0	127.79	0	0
2024	123	2	397.06	39.64	436.7	372.7	63.3	0	0	0.7	0	0
2024	124	1	1210.88	103.52	1314.4	824.32	314.4	0	0	175.68	0	0
2024	124	2	388.63	38.77	427.4	360.5	66	0	0	0.9	0	0
2024	125	1	1164.21	98.69	1262.9	822.73	262.9	0	0	177.27	0	0
2024	125	2	431.35	42.8	474.15	421.9	48.9	0	0	3.35	0	0
2024	126	1	943.07	83.93	1027	626.24	297	0	0	103.76	0	0
2024	126	2	326.47	32.53	359	281.2	76.6	0	0	1.2	0	0
2024	127	1	1328.64	116.26	1444.9	974.01	304.9	0	0	165.99	0	0
2024	127	2	451.5	44.8	496.3	408.5	84.3	0	0	3.5	0	0
2024	128	1	2289.62	218.58	2508.2	1786.2	618.2	0	0	103.8	0	0
2024	128	2	728.61	72.74	801.35	717.6	82.5	0	0	1.25	0	0
2024	129	1	1651.42	137.18	1788.6	1160.4	348.6	0	0	279.6	0	0
2024	129	2	598.34	59.66	658	500.8	155.5	0	0	1.7	0	0
2024	130	1	1136.24	85.86	1222.1	612.4	332.1	0	0	277.6	0	0
2024	130	2	324.75	32.35	357.1	292.3	63.5	0	0	1.3	0	0
2024	131	1	902.54	85.06	987.6	713.04	222.6	0	0	51.96	0	0
2024	131	2	395.87	39.23	435.1	369.1	62.4	0	0	3.6	0	0
2024	132	1	1057.43	81.67	1139.1	539.3	359.1	0	0	240.7	0	0
2024	132	2	290.75	28.75	319.5	277.5	38.7	0	0	3.3	0	0
2024	133	1	924.08	84.72	1008.8	688.32	243.6	0	0	76.88	0	0
2024	133	2	318.09	31.81	349.9	274.85	73.8	0	0	0	0	1.25
2024	134	1	1413.56	116.24	1529.8	868.8	409.8	0	0	251.2	0	0
2024	134	2	448.34	44.16	492.5	367.3	118.5	0	0	6.7	0	0
2024	135	1	2622.07	217.67	2839.74	1394.66	999.74	0	0	445.34	0	0
2024	135	2	924.91	92.05	1016.96	790.14	222.36	0	0	4.46	0	0
2024	136	1	2201.3	195	2396.3	1488.7	656.3	0	0	251.3	0	0
2024	136	2	762.73	76.27	839	728.7	107.3	0	0	0	0	3
2024	137	1	984.94	96.16	1081.1	721.7	336.1	0	0	23.3	0	0
2024	137	2	334.61	33.29	367.9	286.5	79.7	0	0	1.7	0	0
2024	138	1	1202.03	91.47	1293.5	722.63	283.5	0	0	287.37	0	0
2024	138	2	443	44.3	487.3	398.6	86.8	0	0	0	0	1.9
2024	139	1	1183.16	99.64	1282.8	748.2	347.8	0	0	186.8	0	0
2024	139	2	371.25	36.75	408	346.2	58	0	0	3.8	0	0
2024	140	1	1142.7	105.74	1248.44	929.72	233.44	0	0	85.28	0	0
2024	140	2	274.68	27.32	302	231.4	69.1	0	0	1.5	0	0
2024	141	1	1373.94	120.16	1494.1	917.7	404.1	0	0	172.3	0	0
2024	141	2	364.13	36.07	400.2	332.1	64.7	0	0	3.4	0	0
2024	142	1	2976.76	271.24	3248	2100.67	883	0	0	264.33	0	0
2024	142	2	872.73	85.17	957.9	782	154.9	0	0	21	0	0
2024	143	1	1712.09	158.51	1870.6	1208	535.6	0	0	127	0	0
2024	143	2	578	57.8	635.8	482.62	150.3	0	0	0	0	2.88
2024	144	1	810.99	67.51	878.5	464.1	278.5	0	0	135.9	0	0
2024	144	2	352.36	35.04	387.4	300.6	84.8	0	0	2	0	0
2024	145	1	977.95	87.05	1065	717.5	240	0	0	107.5	0	0
2024	145	2	383.27	38.33	421.6	332.9	75.7	0	0	0	0	13
2024	146	1	775.65	62.05	837.7	419.9	262.7	0	0	155.1	0	0
2024	146	2	285.76	28.44	314.2	266.4	46.4	0	0	1.4	0	0
2024	147	1	856.24	76.96	933.2	603.4	243.2	0	0	86.6	0	0
2024	147	2	264.73	26.37	291.1	231.2	58.9	0	0	1	0	0
2024	148	1	1452.08	128.12	1580.2	1059.1	350.2	0	0	170.9	0	0
2024	148	2	510.35	48	558.35	425.2	102.8	0	0	30.35	0	0
2024	149	1	1943.48	177.22	2120.7	1398.7	550.7	0	0	171.3	0	0
2024	149	2	556.25	55.45	611.7	483.8	126.2	0	0	1.7	0	0
2024	150	1	1634.03	158.77	1792.8	1333.7	412.8	0	0	46.3	0	0
2024	150	2	696.97	69.27	766.24	671.8	90.2	0	0	4.24	0	0
2024	151	1	1058.91	94.89	1153.8	855	188.8	0	0	110	0	0
2024	151	2	412.36	41.24	453.6	366	87.3	0	0	0	0	0.3
2024	20	1	2287.45	182.84	2470.29	1340.94	670.29	0	0	459.06	0	0
2024	20	2	1023.45	102.35	1125.8	943.5	179.2	0	0	0	0	3.1
2024	21	1	1181.24	81.68	1262.92	635.58	262.92	0	0	364.42	0	0
2024	21	2	419	41.9	460.9	358.54	52.1	0	0	0	0	50.26
2024	22	1	1112.14	86.45	1198.59	697.38	253.59	0	0	247.62	0	0
2024	22	2	350.07	34.93	385	358.8	25.4	0	0	0.8	0	0
2024	23	1	1220.73	90.06	1310.79	634.87	355.79	0	0	320.13	0	0
2024	23	2	415.46	41.24	456.7	408.5	45.1	0	0	3.1	0	0
2024	24	1	1044.29	85.51	1129.8	635.76	304.8	0	0	189.24	0	0
2024	24	2	382.82	38.28	421.1	317.3	103.7	0	0	0	0	0.1
2024	25	1	1311.29	99.01	1410.3	543.81	545.3	0	0	321.19	0	0
2024	25	2	384.47	37.91	422.38	364.8	52.2	0	0	5.38	0	0
2024	26	1	2605.96	223.74	2829.7	1651.44	809.7	0	0	368.56	0	0
2024	26	2	694.09	69.41	763.5	676.7	84.9	0	0	0	0	1.9
2024	27	1	2086.59	158.31	2244.9	1141.5	599.9	0	0	503.5	0	0
2024	27	2	1029.36	99.04	1128.4	845.4	244	0	0	39	0	0
2024	28	1	978.41	53.99	1032.4	401.5	192.4	0	0	438.5	0	0
2024	28	2	317.8	31.6	349.4	309.2	38.4	0	0	1.8	0	0
2024	29	1	1118.09	81.36	1199.45	625.56	269.45	0	0	304.44	0	0
2024	29	2	370.25	37	407.25	359.1	47.9	0	0	0.25	0	0
2024	30	1	1308.75	87.15	1395.9	587.74	370.9	0	0	437.26	0	0
2024	30	2	382.06	38.16	420.22	392.2	27.6	0	0	0.42	0	0
2024	31	1	1293.96	105.44	1399.4	930.47	229.4	0	0	239.53	0	0
2024	31	2	459.82	45.98	505.8	443.45	62	0	0	0	0	0.35
2024	32	1	1526.31	122.84	1649.15	922.71	428.5	0	0	297.94	0	0
2024	32	2	489.17	48.83	538	425.4	111.7	0	0	0.9	0	0
2024	33	1	2386.56	200.64	2587.2	1494.81	712.2	0	0	380.19	0	0
2024	33	2	674.58	67.02	741.6	633.6	103.6	0	0	4.4	0	0
2024	34	1	2064.74	160.26	2225	1762.91	0	0	0	462.09	0	0
2024	34	2	932.72	93.18	1025.9	1025	0	0	0	0.9	0	0
2024	35	1	1119.56	65.64	1185.2	496.8	225.2	0	0	463.2	0	0
2024	35	2	436.91	43.69	480.6	413.9	65.5	0	0	0	0	1.2
2024	36	1	1206.49	96.56	1303.05	619.06	443.05	0	0	240.94	0	0
2024	36	2	342.09	34.21	376.3	336.7	35.1	0	0	0	0	4.5
2024	37	1	1055.79	81.59	1137.38	620.11	277.38	0	0	239.89	0	0
2024	37	2	289.13	28.22	317.35	266.8	43.6	0	0	6.95	0	0
2024	38	1	1168.18	86.62	1254.8	708	244.8	0	0	302	0	0
2024	38	2	449.65	44.95	494.6	414.8	79.7	0	0	0.1	0	0
2024	39	1	1102.93	91.57	1194.5	727.8	279.5	0	0	187.2	0	0
2024	39	2	411	41.1	452.1	375.9	76.2	0	0	0	0	0
2024	40	1	2478.19	209.41	2687.6	1630.96	672.6	0	0	384.04	0	0
2024	40	2	878.6	87.6	966.2	761.7	201.9	0	0	2.6	0	0
2024	41	1	1859.49	136.7	1996.19	972.15	531.54	0	0	492.5	0	0
2024	41	2	1052.27	105.23	1157.5	1033.76	120	0	0	0	0	3.74
2024	42	1	1122.13	90.67	1212.8	634.52	362.8	0	0	215.48	0	0
2024	42	2	452.11	44.69	496.8	414	77.6	0	0	5.2	0	0
2024	43	1	1517.29	116.91	1634.2	891.8	394.2	0	0	348.2	0	0
2024	43	2	452.98	45.27	498.25	410.3	87.7	0	0	0.25	0	0
2024	44	1	1492.09	103.01	1595.1	798	335.1	0	0	462	0	0
2024	44	2	393.36	39.34	432.7	366.45	64.8	0	0	0	0	1.45
2024	45	1	1072.27	93.33	1165.6	756	270.6	0	0	139	0	0
2024	45	2	293.06	28.34	321.4	269.6	42.1	0	0	9.7	0	0
2024	46	1	1167.55	67.2	1234.75	519.4	219.75	0	0	495.6	0	0
2024	46	2	455.45	45.55	501	401.7	0	99.3	0	0	0	0
2024	47	1	2257.61	209.29	2466.9	1575.28	726.9	0	0	164.72	0	0
2024	47	2	885.46	69.54	955	629.1	135.8	0	0	190.1	0	0
2024	48	1	2220.08	185.12	2405.2	1451.11	585.2	0	0	368.89	0	0
2024	48	2	1053.38	104.62	1158	895.7	255.1	0	0	7.2	0	0
2024	49	1	912.54	77.23	989.77	614.8	234.77	0	0	140.2	0	0
2024	49	2	333.91	33.39	367.3	299.7	67.5	0	0	0	0	0.1
2024	50	1	1186.83	81.67	1268.5	559.89	338.5	0	0	370.11	0	0
2024	50	2	445.45	44.55	490	399.3	89.8	0	0	0	0	0.9
2024	51	1	1172.91	92.19	1265.1	694	320.1	0	0	251	0	0
2024	51	2	350.52	34.98	385.5	337.1	47.7	0	0	0.7	0	0
2024	52	1	1139.05	99.65	1238.7	707.5	388.7	0	0	142.5	0	0
2024	52	2	437.02	43.68	480.7	404.1	76.4	0	0	0.2	0	0
2024	152	1	978.16	89.74	1067.9	759.2	227.9	0	0	80.8	0	0
2024	152	2	334.55	33.45	368	288.1	79.3	0	0	0	0	0.6
2024	153	1	1029.37	75.13	1104.5	571.88	254.5	0	0	278.12	0	0
2024	153	2	323.09	32.31	355.4	290.9	64.1	0	0	0	0	0.4
2024	154	1	1167.75	94.55	1262.3	702.7	337.3	0	0	222.3	0	0
2024	154	2	444.91	44.49	489.4	372.95	114.5	0	0	0	0	1.95
2024	155	1	1129.75	90.35	1220.1	583.7	410.1	0	0	226.3	0	0
2024	155	2	409.05	40.75	449.8	357.7	90.6	0	0	1.5	0	0
2024	156	1	2310.68	196.11	2506.79	1400.4	756.79	0	0	349.6	0	0
2024	156	2	558.45	55.85	614.3	500.5	113.2	0	0	0	0	0.6
2024	157	1	1890.99	150.41	2041.4	1123.1	531.4	0	0	386.9	0	0
2024	157	2	802.09	80.21	882.3	726.2	154.9	0	0	0	0	1.2
2024	158	1	1240.91	104.99	1345.9	869	285.9	0	0	191	0	0
2024	158	2	518.27	51.58	569.85	389.4	178	0	0	2.45	0	0
2024	159	1	1445.98	109.62	1555.6	695.2	510.6	0	0	349.8	0	0
2024	159	2	601.08	60.02	661.1	489.3	170.9	0	0	0.9	0	0
2024	160	1	1162.43	87.07	1249.5	558.3	399.5	0	0	291.7	0	0
2024	160	2	380.11	37.79	417.9	362	53.7	0	0	2.2	0	0
2024	161	1	1548.13	126.07	1674.2	1027.6	359.2	0	0	287.4	0	0
2024	161	2	393.32	39.18	432.5	364	67	0	0	1.5	0	0
2024	162	1	1101.82	87.98	1189.8	734.99	232.8	0	0	222.01	0	0
2024	162	2	376.35	36.95	413.3	339.7	66.8	0	0	6.8	0	0
2024	163	1	2134.56	201.44	2336	1119.88	1096	0	0	120.12	0	0
2024	163	2	552.64	54.36	607	541.4	56.6	0	0	9	0	0
2024	164	1	1605.67	142.03	1747.7	1134.6	427.7	0	0	185.4	0	0
2024	164	2	674.41	66.69	741.1	578.3	155.3	0	0	7.5	0	0
2024	165	1	1083.84	82.66	1166.5	632.8	276.5	0	0	257.2	0	0
2024	165	2	508.66	50.84	559.5	451.9	107.3	0	0	0.3	0	0
2024	166	1	1221.19	79.21	1300.4	600.9	270.4	0	0	429.1	0	0
2024	166	2	457.35	45.15	502.5	412.7	84	0	0	5.8	0	0
2024	167	1	1339.61	109.64	1449.25	856.81	349.25	0	0	243.19	0	0
2024	167	2	443.55	44.35	487.9	414.9	72.1	0	0	0	0	0.9
2024	168	1	1314.77	106.93	1421.7	729.5	446.7	0	0	245.5	0	0
2024	168	2	335.09	33.25	368.34	311.9	53.8	0	0	2.64	0	0
2024	169	1	1292.38	110.52	1402.9	796.83	418.9	0	0	187.17	0	0
2024	169	2	411	41.1	452.1	322.7	127.8	0	0	0	0	1.6
2024	170	1	2539.45	206.75	2746.2	1363	911.2	0	0	472	0	0
2024	170	2	606.37	59.73	666.1	534.7	122.3	0	0	9.1	0	0
2024	171	1	1842.83	145.57	1988.4	987.9	613.4	0	0	387.1	0	0
2024	171	2	781.64	78.16	859.8	663.1	195.7	0	0	0	0	1
2024	172	1	1480.27	124.93	1605.2	969	405.2	0	0	231	0	0
2024	172	2	518.1	51.7	569.8	490	78.7	0	0	1.1	0	0
2024	173	1	1245.9	85.5	1331.4	539.1	401.4	0	0	390.9	0	0
2024	173	2	520.45	52.05	572.5	451.1	120	0	0	0	0	1.4
2024	174	1	1157.65	79.85	1237.5	485.9	392.5	0	0	359.1	0	0
2024	174	2	427.03	42.37	469.4	398.9	67.2	0	0	3.3	0	0
2024	175	1	1084.98	95.22	1180.2	772.2	275.2	0	0	132.8	0	0
2024	175	2	425.8	42.25	468.05	395.3	69.4	0	0	3.35	0	0
2024	176	1	1294.68	100.92	1395.6	704.52	405.6	0	0	285.48	0	0
2024	176	2	404.98	40.32	445.3	347.2	96.3	0	0	1.8	0	0
2024	177	1	2440.89	216.61	2657.5	1640.2	742.5	0	0	274.8	0	0
2024	177	2	583.83	58.37	642.2	540.6	101.5	0	0	0.1	0	0
2024	178	1	1829.42	152.98	1982.4	1095.4	587.4	0	0	299.6	0	0
2024	178	2	652.74	64.71	717.45	634.6	77.2	0	0	5.65	0	0
2024	179	1	1342.45	99.21	1441.66	569.63	521.66	0	0	350.37	0	0
2024	179	2	570.66	56.24	626.9	491.7	126.9	0	0	8.3	0	0
2024	180	1	1688.95	133.65	1822.6	1197.5	272.6	0	0	352.5	0	0
2024	180	2	594.95	58.15	653.1	601.1	38.5	0	0	13.5	0	0
2024	181	1	1707.14	136.96	1844.1	877.5	629.1	0	0	337.5	0	0
2024	181	2	669.32	66.18	735.5	610.69	117.3	0	0	7.51	0	0
2024	182	1	1254.1	96.5	1350.6	680.94	380.6	0	0	289.06	0	0
2024	182	2	464.86	46.44	511.3	447.8	63	0	0	0.5	0	0
2024	183	1	1409.32	113.3	1522.62	838.67	407.62	0	0	276.33	0	0
2024	183	2	527	52.7	579.7	488	91.2	0	0	0	0	0.5
2024	184	1	2403.74	215.19	2618.93	1298.19	1068.93	0	0	251.81	0	0
2024	184	2	716.78	70.16	786.94	629.8	142	0	0	15.14	0	0
2024	185	1	2648.61	202.19	2850.8	1458.3	765.8	0	0	626.7	0	0
2024	185	2	1310.12	129.28	1439.4	1152.6	269.5	0	0	17.3	0	0
2024	186	1	1271.5	82.4	1353.9	642.5	263.9	0	0	447.5	0	0
2024	186	2	527.7	50.8	578.5	478	80.8	0	0	19.7	0	0
2024	187	1	1370.97	102.83	1473.8	727.38	403.8	0	0	342.62	0	0
2024	187	2	504.64	50.46	555.1	404.5	150	0	0	0	0	0.6
2024	188	1	1176.78	92.62	1269.4	744.4	274.4	0	0	250.6	0	0
2024	188	2	470.73	47.07	517.8	390.59	29.6	0	0	0	0	97.61
2024	189	1	1932.3	124.9	2057.2	681.7	692.2	0	0	683.3	0	0
2024	189	2	640.82	64.08	704.9	551.9	152.4	0	0	0	0	0.6
2024	190	1	1475.37	117.53	1592.9	929.9	362.9	0	0	300.1	0	0
2024	190	2	615.41	61.19	676.6	602.7	70.4	0	0	3.5	0	0
2024	191	1	2611.46	227.38	2838.84	1322.66	1178.54	0	0	337.64	0	0
2024	191	2	818.91	81.89	900.8	638.31	260	0	0	0	0	2.49
2024	192	1	2207.81	175.99	2383.8	1192.12	743.8	0	0	447.88	0	0
2024	192	2	978.18	97.82	1076	844.95	231	0	0	0	0	0.05
2024	193	1	2043.16	142.05	2185.21	987.31	575.21	0	0	622.69	0	0
2024	193	2	575.64	57.56	633.2	512.15	121	0	0	0	0	0.05
2024	194	1	1355.12	115.88	1471	788.7	486	0	0	196.3	0	0
2024	194	2	649.91	64.99	714.9	573.6	141	0	0	0	0	0.3
2024	195	1	1610.25	122.75	1733	827.2	523	0	0	382.8	0	0
2024	195	2	727.82	72.78	800.6	645.2	155	0	0	0	0	0.4
2024	196	1	1638.24	132.31	1770.55	979.9	475.55	0	0	315.1	0	0
2024	196	2	864.62	85.83	950.45	823.9	120.2	0	0	6.35	0	0
2024	197	1	1822.14	130.16	1952.3	819.5	612.3	0	0	520.5	0	0
2024	197	2	706.09	70.61	776.7	613.7	162.9	0	0	0	0	0.1
2024	198	1	2481.06	223.64	2704.7	1590.31	869.7	0	0	244.69	0	0
2024	198	2	884.84	88.46	973.3	701.1	272	0	0	0.2	0	0
2024	199	1	2017.64	160.06	2177.7	1158	602.7	0	0	417	0	0
2024	199	2	892.73	89.27	982	804.05	177	0	0	0	0	0.95
2024	200	1	2683.19	209.91	2893.1	1530.94	778.1	0	0	584.06	0	0
2024	200	2	1287.04	128.7	1415.74	1215	200	0	0	0	0	0.74
2024	201	1	1607.54	126.16	1733.7	1019.06	368.7	0	0	345.94	0	0
2024	201	2	796.82	79.68	876.5	677.4	199	0	0	0	0	0.1
2024	202	1	1638.34	133.56	1771.9	892.3	576.9	0	0	302.7	0	0
2024	202	2	703.64	70.36	774	595.7	178	0	0	0	0	0.3
2024	203	1	1520.37	125.63	1646	890.91	491	0	0	264.09	0	0
2024	203	2	711.36	71.14	782.5	579.1	203	0	0	0	0	0.4
2024	204	1	1494.79	100.21	1595	637.3	465	0	0	492.7	0	0
2024	204	2	698.91	69.89	768.8	591.7	177	0	0	0	0	0.1
2024	205	1	2537.2	237.05	2774.25	1498.3	1109.25	0	0	166.7	0	0
2024	205	2	835.18	83.52	918.7	632.4	286	0	0	0	0	0.3
2024	206	1	2154.71	195.79	2350.5	1463.2	690.5	0	0	196.8	0	0
2024	206	2	1007.27	100.73	1108	846.7	260.3	0	0	0	0	1
2024	207	1	1668.8	136	1804.8	1201.16	294.8	0	0	308.84	0	0
2024	207	2	722.55	72.25	794.8	679.25	115	0	0	0	0	0.55
2024	208	1	1697.18	141.82	1839	911.03	649	0	0	278.97	0	0
2024	208	2	577.73	57.77	635.5	521.3	114	0	0	0	0	0.2
2024	209	1	1773.38	144.52	1917.9	1041.8	547.9	0	0	328.2	0	0
2024	209	2	663.64	66.36	730	570	159.8	0	0	0	0	0.2
2024	210	1	1750.81	161.26	1912.07	1301.77	472.07	0	0	138.23	0	0
2024	210	2	793.09	79.31	872.4	761	110	0	0	0	0	1.4
2024	211	1	1813.38	145.22	1958.6	933.6	663.8	0	0	361.2	0	0
2024	211	2	722.64	72.26	794.9	632.05	162.5	0	0	0	0	0.35
2024	212	1	2785	251.4	3036.4	1974	791.4	0	0	271	0	0
2024	212	2	1155.36	115.54	1270.9	972.65	298	0	0	0	0	0.25
2024	213	1	2412.27	198.93	2611.2	1522	666.2	0	0	423	0	0
2024	213	2	1074	107.4	1181.4	1004.3	177	0	0	0	0	0.1
2024	214	1	2062.59	161.75	2224.34	1024.89	754.34	0	0	445.11	0	0
2024	214	2	822.02	82.2	904.22	741.6	162	0	0	0	0	0.62
2024	215	1	1898.01	166.19	2064.2	1083.9	744.2	0	0	236.1	0	0
2024	215	2	759.09	75.91	835	655	180	0	0	0	0	0
2024	216	1	1731.15	151.15	1882.3	1045.4	617.3	0	0	219.6	0	0
2024	216	2	867.55	86.75	954.3	703.3	250	0	0	0	0	1
2024	217	1	2135.85	179.95	2315.8	1083.6	895.8	0	0	336.4	0	0
2024	217	2	999.36	99.94	1099.3	898.2	201	0	0	0	0	0.1
2024	218	1	2186.16	182.7	2368.86	1290.82	718.86	0	0	359.18	0	0
2024	218	2	790.09	79.01	869.1	696.05	173	0	0	0	0	0.05
2024	219	1	3502.2	304.57	3806.77	2049.44	1300.8	0	0	456.53	0	0
2024	219	2	1361.18	136.12	1497.3	1118.99	378	0	0	0	0	0.31
2024	220	1	2121.06	179.44	2300.5	1288.2	685.6	0	0	326.7	0	0
2024	220	2	1356	135.6	1491.6	1132.3	359	0	0	0	0	0.3
2024	221	1	2465.18	196.82	2662	1343	822	0	0	497	0	0
2024	221	2	1192.09	119.21	1311.3	1001.9	309	0	0	0	0	0.4
2024	222	1	2792.75	230.25	3023	1519.7	1013	0	0	490.3	0	0
2024	222	2	1132.45	113.25	1245.7	1088.3	157	0	0	0	0	0.4
2024	223	1	3076.37	230.03	3306.4	1503.96	1026.4	0	0	776.04	0	0
2024	223	2	1141.82	114.18	1256	1038	218	0	0	0	0	0
2024	224	1	2067.13	173.79	2240.92	1200.73	710.92	0	0	329.27	0	0
2024	224	2	1028.64	102.86	1131.5	888.9	241	0	0	0	0	1.6
2024	225	1	2749.78	237.52	2987.3	1430.4	1182.3	0	0	374.6	0	0
2024	225	2	1278.09	127.81	1405.9	1039.08	365	0	0	0	0	1.82
2024	226	1	2954.61	253.47	3208.08	1795.1	993.08	0	0	419.9	0	0
2024	226	2	1098.45	109.85	1208.3	954.37	253	0	0	0	0	0.93
2024	227	1	3639.81	313.39	3953.2	1994.1	1453.2	0	0	505.9	0	0
2024	227	2	2013.73	201.37	2215.1	1687.9	527	0	0	0	0	0.2
2024	228	1	3265.83	253.97	3519.8	1773.87	1019.8	0	0	726.13	0	0
2024	228	2	1626.55	162.65	1789.2	1327.2	461.8	0	0	0	0	0.2
2024	229	1	2265.07	189.83	2454.9	1413.22	674.9	0	0	366.78	0	0
2024	229	2	999.91	99.99	1099.9	893.95	205	0	0	0	0	0.95
2024	230	1	1806.71	151.19	1957.9	1025.2	637.9	0	0	294.8	0	0
2024	230	2	867.55	86.75	954.3	790	164	0	0	0	0	0.3
2024	231	1	1583.65	137.05	1720.7	1076.9	430.7	0	0	213.1	0	0
2024	231	2	744.18	74.42	818.6	714.5	104	0	0	0	0	0.1
2024	232	1	1986.7	177.5	2164.2	1233.3	719.2	0	0	211.7	0	0
2024	232	2	936.09	93.61	1029.7	765.4	264	0	0	0	0	0.3
2024	233	1	2236.46	200.01	2436.47	1373.66	826.47	0	0	236.34	0	0
2024	233	2	978	97.8	1075.8	860	215	0	0	0	0	0.8
2024	234	1	2218.66	192.84	2411.5	1089.7	1031.5	0	0	290.3	0	0
2024	234	2	859.64	85.96	945.6	679.45	265	0	0	0	0	1.15
2024	235	1	1994.62	176.14	2170.76	1146.8	790.76	0	0	233.2	0	0
2024	235	2	753.09	75.31	828.4	682.56	145	0	0	0	0	0.84
2024	236	1	1883.28	156.22	2039.5	1218.9	499.5	0	0	321.1	0	0
2024	236	2	836.27	83.63	919.9	625	293.7	0	0	0	0	1.2
2024	237	1	1615.8	145.1	1760.9	1025.2	570.9	0	0	164.8	0	0
2024	237	2	687.27	68.73	756	645	101.2	0	0	0	0	9.8
2024	238	1	1970.71	166.79	2137.5	1162.2	672.5	0	0	302.8	0	0
2024	238	2	711.18	71.12	782.3	687	95	0	0	0	0	0.3
2024	239	1	1837.67	146.95	1984.62	931.83	684.62	0	0	368.17	0	0
2024	239	2	607.64	60.76	668.4	552.9	115	0	0	0	0	0.5
2024	240	1	2425.14	225.26	2650.4	1557.47	920.4	0	0	172.53	0	0
2024	240	2	800.27	80.03	880.3	674	206	0	0	0	0	0.3
2024	241	1	2067.38	152.62	2220	1678.8	0	0	0	541.2	0	0
2024	241	2	803.73	79.97	883.7	879.7	0	0	0	4	0	0
2024	242	1	1661.43	134.7	1796.13	1170.61	311.13	0	0	314.39	0	0
2024	242	2	748.91	74.89	823.8	688.4	135	0	0	0	0	0.4
2024	243	1	1493.41	132.79	1626.2	1132.3	328.4	0	0	165.5	0	0
2024	243	2	721.27	72.13	793.4	661.4	132	0	0	0	0	0
2024	244	1	1569.45	133.25	1702.7	1038	427.7	0	0	237	0	0
2024	244	2	590.64	59.06	649.7	523.45	125	0	0	0	0	1.25
2024	245	1	2364.05	203.05	2567.1	1421.5	812.1	0	0	333.5	0	0
2024	245	2	918.55	91.85	1010.4	882.2	128	0	0	0	0	0.2
2024	246	1	1485.45	139.85	1625.3	1128	410.3	0	0	87	0	0
2024	246	2	611.2	61.1	672.3	583.1	89	0	0	0.2	0	0
2024	247	1	2334.04	225.66	2559.7	1672.6	809.7	0	0	77.4	0	0
2024	247	2	818.82	81.88	900.7	720.1	180	0	0	0	0	0.6
2024	248	1	1834.92	165.86	2000.78	1157.2	667.3	0	0	176.28	0	0
2024	248	2	1015.55	101.55	1117.1	890.8	225	0	0	0	0	1.3
2024	249	1	2142.09	190.01	2332.1	1277.98	812.1	0	0	242.02	0	0
2024	249	2	672.27	67.23	739.5	647.8	91	0	0	0	0	0.7
2024	250	1	1623.95	142.75	1766.7	1093.55	476.7	0	0	196.45	0	0
2024	250	2	721	72.1	793.1	641.79	150	0	0	0	0	1.31
2024	251	1	1557.61	135.99	1693.6	1052.24	443.6	0	0	197.76	0	0
2024	251	2	618.55	61.85	680.4	573.5	106	0	0	0	0	0.9
2024	252	1	1772.01	165.65	1937.66	1364.5	457.66	0	0	115.5	0	0
2024	252	2	585.27	58.53	643.8	521.2	122	0	0	0	0	0.6
2024	253	1	1772.28	166.52	1938.8	1327.9	503.8	0	0	107.1	0	0
2024	253	2	750.36	75.04	825.4	713.8	111.5	0	0	0	0	0.1
2024	254	1	3059.31	285.05	3344.36	1776.23	1359.36	0	0	208.77	0	0
2024	254	2	965.73	96.57	1062.3	774.3	288	0	0	0	0	0
2024	255	1	2416.1	225.9	2642	1752.9	732	0	0	157.1	0	0
2024	255	2	986.55	98.65	1085.2	808.7	276	0	0	0	0	0.5
2024	256	1	1364.78	134.27	1499.05	1092.87	384.05	0	0	22.13	0	0
2024	256	2	520.63	52.06	572.69	421.3	151	0	0	0	0	0.39
2024	257	1	1355.4	128.9	1484.3	1048.6	369.3	0	0	66.4	0	0
2024	257	2	695.09	69.51	764.6	612.3	152	0	0	0	0	0.3
2024	258	1	1370.92	133.68	1504.6	1180.9	289.6	0	0	34.1	0	0
2024	258	2	507.64	50.76	558.4	485.6	72	0	0	0	0	0.8
2024	259	1	1588.81	138.29	1727.1	964.04	557.1	0	0	205.96	0	0
2024	259	2	569.55	56.95	626.5	411.2	215	0	0	0	0	0.3
2024	260	1	1280.75	121.75	1402.5	901.8	437.5	0	0	63.2	0	0
2024	260	2	464.18	46.42	510.6	433.8	76	0	0	0	0	0.8
2024	261	1	2693.27	244.65	2937.92	1853.2	837.92	0	0	246.8	0	0
2024	261	2	796.09	79.61	875.7	733.3	142	0	0	0	0	0.4
2024	262	1	1896.87	169.33	2066.2	1236.44	626.2	0	0	203.56	0	0
2024	262	2	1035.09	103.51	1138.6	962.25	176	0	0	0	0	0.35
2024	263	1	1004.72	88.68	1093.4	912.1	63.4	0	0	117.9	0	0
2024	263	2	559.45	55.95	615.4	549.1	66	0	0	0	0	0.3
2024	264	1	1187.05	95.7	1282.75	849.95	202.75	0	0	230.05	0	0
2024	264	2	458.27	45.83	504.1	394.65	109.45	0	0	0	0	0
2024	265	1	1007.36	88.04	1095.4	823	145.4	0	0	127	0	0
2024	265	2	358.55	35.85	394.4	376.8	17	0	0	0	0	0.6
2024	266	1	1292.09	95.51	1387.6	743	307.6	0	0	337	0	0
2024	266	2	349.91	34.99	384.9	347.4	37	0	0	0	0	0.5
2024	267	1	1198.82	118.08	1316.9	1107	191.9	0	0	18	0	0
2024	267	2	499.82	49.98	549.8	479.15	70	0	0	0	0	0.65
2024	268	1	2745.82	252.98	2998.8	1739	1043.8	0	0	216	0	0
2024	268	2	823.09	82.31	905.4	754.8	150	0	0	0	0	0.6
2024	269	1	1957.79	174.81	2132.6	1465.9	457	0	0	209.7	0	0
2024	269	2	869.18	86.92	956.1	795.15	160	0	0	0	0	0.95
2024	270	1	1117.28	110.62	1227.9	918.9	297.9	0	0	11.1	0	0
2024	270	2	479.18	47.92	527.1	413.9	113	0	0	0	0	0.2
2024	271	1	1795.3	108.1	1903.4	425.66	763.4	0	0	714.34	0	0
2024	271	2	498.27	49.83	548.1	425.6	122	0	0	0	0	0.5
2024	272	1	1144.63	90.27	1234.9	673.1	319.9	0	0	241.9	0	0
2024	272	2	458.55	45.85	504.4	430	74	0	0	0	0	0.4
2024	273	1	1292.69	115.01	1407.7	927.4	337.7	0	0	142.6	0	0
2024	273	2	450.91	45.09	496	362.45	133	0	0	0	0	0.55
2024	274	1	1250.07	111.13	1361.2	756.18	466.2	0	0	138.82	0	0
2024	274	2	453.36	45.34	498.7	403.15	95	0	0	0	0	0.55
2024	275	1	3095.4	288.3	3383.7	1952.63	1218.7	0	0	212.37	0	0
2024	275	2	777.91	77.79	855.7	746.1	109	0	0	0	0	0.6
2024	276	1	2045.42	189.78	2235.2	1472.4	615.2	0	0	147.6	0	0
2024	276	2	1088.18	108.82	1197	952.18	244	0	0	0	0	0.82
2024	277	1	960.26	89.24	1049.5	757.1	224.5	0	0	67.9	0	0
2024	277	2	424.82	42.48	467.3	355	112	0	0	0	0	0.3
2024	278	1	1170.3	83.55	1253.85	715.16	203.85	0	0	334.84	0	0
2024	278	2	427.91	42.79	470.7	394.85	75	0	0	0	0	0.85
2024	279	1	1423.55	117.35	1540.9	979.9	310.9	0	0	250.1	0	0
2024	279	2	368.73	36.87	405.6	358.5	47	0	0	0	0	0.1
2024	280	1	1055.48	88.12	1143.6	575.68	393.6	0	0	174.32	0	0
2024	280	2	409	40.9	449.9	371	78.5	0	0	0	0	0.4
2024	281	1	1283.8	115.1	1398.9	762.15	503.9	0	0	132.85	0	0
2024	281	2	419.64	41.96	461.6	375.4	86	0	0	0	0	0.2
2024	282	1	2819.65	270.75	3090.4	1822.9	1155.4	0	0	112.1	0	0
2024	282	2	714.91	71.49	786.4	624.2	162	0	0	0	0	0.2
2024	283	1	1954.22	178.34	2132.56	1084.2	877.56	0	0	170.8	0	0
2024	283	2	917.36	91.74	1009.1	800.6	208	0	0	0	0	0.5
2024	284	1	1068.15	100.65	1168.8	888.4	218.8	0	0	61.6	0	0
2024	284	2	390.27	39.03	429.3	350	79	0	0	0	0	0.3
2024	285	1	952.72	73.68	1026.4	624.5	186	0	0	215.9	0	0
2024	285	2	498.45	49.85	548.3	451.3	97	0	0	0	0	0
2024	286	1	1263.18	90.42	1353.6	651.03	343.6	0	0	358.97	0	0
2024	286	2	369.55	36.95	406.5	329.4	77	0	0	0	0	0.1
2024	287	1	1133.68	94.62	1228.3	762.47	278.3	0	0	187.53	0	0
2024	287	2	445.45	44.55	490	357.3	131	0	0	0	0	1.7
2024	288	1	1290.5	109.67	1400.17	778.69	427.66	0	0	193.82	0	0
2024	288	2	378.18	37.82	416	312.95	103	0	0	0	0	0.05
2024	289	1	2850.97	206.43	3057.4	1243.33	1027.4	0	0	786.67	0	0
2024	289	2	773.64	77.36	851	658.65	192	0	0	0	0	0.35
2024	290	1	2006.92	157.75	2164.67	995.58	739.67	0	0	429.42	0	0
2024	290	2	819.18	81.92	901.1	760.8	140	0	0	0	0	0.3
2024	291	1	992.27	80.53	1072.8	513	372.8	0	0	187	0	0
2024	291	2	311.45	31.15	342.6	269.8	72	0	0	0	0	0.8
2024	292	1	1194.06	105.04	1299.1	697.6	457.8	0	0	143.7	0	0
2024	292	2	313.64	31.36	345	331.1	13	0	0	0	0	0.9
2024	293	1	1097.46	105.04	1202.5	787.9	367.5	0	0	47.1	0	0
2024	293	2	292.73	29.27	322	291.7	30	0	0	0	0	0.3
2024	294	1	1110.29	95.01	1205.3	664.8	380.3	0	0	160.2	0	0
2024	294	2	304.64	30.46	335.1	287	24.6	0	0	0	0	23.5
2024	295	1	1213.28	107.12	1320.4	762.9	415.4	0	0	142.1	0	0
2024	295	2	345.18	34.52	379.7	263.8	111.2	0	0	0	0	4.7
2024	296	1	2724.54	248.46	2973	1695.05	1038	0	0	239.95	0	0
2024	296	2	553.64	55.36	609	489	103	0	0	0	0	17
2024	297	1	2188.27	197.43	2385.7	1296.03	875.7	0	0	213.97	0	0
2024	297	2	706.18	70.47	776.65	655.43	119.77	0	0	1.45	0	0
2024	298	1	1069.28	86.52	1155.8	765.87	185.8	0	0	204.13	0	0
2024	298	2	321.45	32.15	353.6	242.3	88.6	0	0	0	0	22.7
2024	299	1	1314.09	110.21	1424.3	828.1	384.2	0	0	212	0	0
2024	299	2	462.27	46.23	508.5	433.3	73.4	0	0	0	0	1.8
2024	300	1	1275.05	93.35	1368.4	608.4	418.4	0	0	341.6	0	0
2024	300	2	384.09	38.41	422.5	380.7	41.5	0	0	0	0	0.3
2024	301	1	1383.02	113.6	1496.62	808.02	441.62	0	0	246.98	0	0
2024	301	2	483.45	48.35	531.8	389.05	142	0	0	0	0	0.75
2024	302	1	2044.26	187.68	2231.94	1507.5	556.94	0	0	167.5	0	0
2024	302	2	838.27	83.83	922.1	763.3	149.4	0	0	0	0	9.4
2024	303	1	2752.45	246.7	2999.15	1789.52	924.15	0	0	285.48	0	0
2024	303	2	694.82	69.48	764.3	635.05	129	0	0	0	0	0.25
2024	304	1	1873.45	162.65	2036.1	1293	496.1	0	0	247	0	0
2024	304	2	746.45	74.65	821.1	680.8	140	0	0	0	0	0.3
2024	305	1	1023.55	88.85	1112.4	704.1	273.3	0	0	135	0	0
2024	305	2	354.18	35.42	389.6	285.1	104	0	0	0	0	0.5
2024	306	1	1179.24	97.26	1276.5	657.4	412.5	0	0	206.6	0	0
2024	306	2	447.36	44.74	492.1	361.9	130	0	0	0	0	0.2
2024	307	1	1179.86	92.94	1272.8	574.5	447.8	0	0	250.5	0	0
2024	307	2	341.82	34.18	376	324.6	51	0	0	0	0	0.4
2024	308	1	1115.4	91.2	1206.6	771.65	231.6	0	0	203.35	0	0
2024	308	2	368.09	36.81	404.9	319.4	85.3	0	0	0	0	0.2
2024	309	1	1319.49	104.41	1423.9	769.6	378.9	0	0	275.4	0	0
2024	309	2	348.82	34.88	383.7	306.7	77	0	0	0	0	0
2024	310	1	2230.97	219.13	2450.1	1688.42	722	0	0	39.68	0	0
2024	310	2	784.09	78.41	862.5	699.59	162	0	0	0	0	0.91
2024	311	1	1891.39	168.61	2060	1294.7	560	0	0	205.3	0	0
2024	311	2	868.27	86.83	955.1	781.65	173	0	0	0	0	0.45
2024	312	1	1053.54	98.36	1151.9	798.32	283.6	0	0	69.98	0	0
2024	312	2	372.45	37.25	409.7	334.5	75	0	0	0	0	0.2
2024	313	1	1129.31	106.19	1235.5	842.6	325.5	0	0	67.4	0	0
2024	313	2	495.45	49.55	545	466.9	78	0	0	0	0	0.1
2024	314	1	1158.8	104.3	1263.1	824.15	323.1	0	0	115.85	0	0
2024	314	2	369.73	36.97	406.7	332	74.7	0	0	0	0	0
2024	315	1	1224.66	110.94	1335.6	874.69	345.6	0	0	115.31	0	0
2024	315	2	446.91	44.69	491.6	400.4	78.9	0	0	0	0	12.3
2024	316	1	1282.42	98.78	1381.2	705.42	381.2	0	0	294.58	0	0
2024	316	2	437.55	43.75	481.3	409.8	68.2	0	0	0	0	3.3
2024	317	1	2615.29	245.91	2861.2	1668.8	1036.2	0	0	156.2	0	0
2024	317	2	678.73	67.87	746.6	625.4	121	0	0	0	0	0.2
2024	318	1	2010.8	181.3	2192.1	1452.2	542.1	0	0	197.8	0	0
2024	318	2	851.36	85.14	936.5	803.25	133	0	0	0	0	0.25
2024	319	1	1002.71	83.89	1086.6	706.14	216.6	0	0	163.86	0	0
2024	319	2	342.45	34.25	376.7	286.7	90	0	0	0	0	0
2024	320	1	1187.03	113.27	1300.3	915.7	330.3	0	0	54.3	0	0
2024	320	2	403.27	40.33	443.6	404.8	38.5	0	0	0	0	0.3
2024	321	1	1082.13	96.89	1179.02	691.8	374.02	0	0	113.2	0	0
2024	321	2	336.36	33.64	370	303.15	66	0	0	0	0	0.85
2024	322	1	1349.73	104.17	1453.9	791.99	353.9	0	0	308.01	0	0
2024	322	2	483.82	48.38	532.2	470.8	61	0	0	0	0	0.4
2024	323	1	1285.43	123.25	1408.68	997.05	358.68	0	0	52.95	0	0
2024	323	2	443.82	44.38	488.2	371	117	0	0	0	0	0.2
2024	324	1	2685.07	238.79	2923.86	1707.84	918.86	0	0	297.16	0	0
2024	324	2	639.55	63.95	703.5	556.45	147	0	0	0	0	0.05
2024	325	1	2120.09	181.69	2301.78	1396.8	601.78	0	0	303.2	0	0
2024	325	2	1050.55	105.05	1155.6	998.7	156.7	0	0	0	0	0.2
2024	326	1	1003.9	85.83	1089.73	674.4	269.73	0	0	145.6	0	0
2024	326	2	375.82	37.58	413.4	339	74	0	0	0	0	0.4
2024	327	1	1394.71	99.79	1494.5	713.24	384.5	0	0	396.76	0	0
2024	327	2	423.55	42.35	465.9	417.8	48	0	0	0	0	0.1
2024	328	1	1278.73	95.67	1374.4	628	424.4	0	0	322	0	0
2024	328	2	401.09	40.11	441.2	374.4	66.5	0	0	0	0	0.3
2024	329	1	1229.13	95.57	1324.7	632.3	419	0	0	273.4	0	0
2024	329	2	381.55	38.15	419.7	376.6	43.1	0	0	0	0	0
2024	330	1	1507.32	136.18	1643.5	894.5	603.5	0	0	145.5	0	0
2024	330	2	436.36	43.64	480	451.7	28.3	0	0	0	0	0
2024	331	1	2756.22	242.4	2998.62	1357.74	1308.62	0	0	332.26	0	0
2024	331	2	782.55	78.25	860.8	613.8	247	0	0	0	0	0
2024	332	1	2161.14	172.16	2333.3	1190.5	703.3	0	0	439.5	0	0
2024	332	2	712.55	71.25	783.8	676.8	107	0	0	0	0	0
2024	333	1	1544.71	55.29	1600	608.19	0	0	0	991.81	0	0
2024	333	2	424.36	42.44	466.8	464.5	0	0	0	0	0	2.3
2024	334	1	1292.4	78.9	1371.3	561.64	306.3	0	0	503.36	0	0
2024	334	2	482.36	48.24	530.6	379	151	0	0	0	0	0.6
2024	335	1	1544.27	85.73	1630	943	0	0	0	687	0	0
2024	335	2	351.82	34.93	386.75	384.2	0	0	0	2.55	0	0
2024	336	1	1545.75	127.35	1673.1	872.8	528.1	0	0	272.2	0	0
2024	336	2	405.45	40.55	446	418.2	27.8	0	0	0	0	0
2024	337	1	1423.81	116.19	1540	888.05	390	0	0	261.95	0	0
2024	337	2	468.09	46.81	514.9	455.54	59	0	0	0	0	0.36
2024	338	1	2845.89	238.01	3083.9	1714.17	903.9	0	0	465.83	0	0
2024	338	2	763.82	76.38	840.2	677	163	0	0	0	0	0.2
2024	339	1	1475.23	117.97	1593.2	884.5	413.2	0	0	295.5	0	0
2024	339	2	830.55	83.05	913.6	712.5	201	0	0	0	0	0.1
2024	340	1	1236.12	107.98	1344.1	773.7	414.1	0	0	156.3	0	0
2024	340	2	407.27	40.73	448	405.55	42	0	0	0	0	0.45
2024	341	1	1411.36	97.54	1508.9	674	398.9	0	0	436	0	0
2024	341	2	499.45	49.95	549.4	435.7	113.5	0	0	0	0	0.2
2024	342	1	1458.34	100.86	1559.2	675.22	434.2	0	0	449.78	0	0
2024	342	2	416.35	40.65	457	401.1	46	0	0	9.9	0	0
2024	343	1	1428.87	100.83	1529.7	659.47	449.7	0	0	420.53	0	0
2024	343	2	448.91	44.89	493.8	412.65	81	0	0	0	0	0.15
2024	344	1	1711.75	147.55	1859.3	948.8	674.3	0	0	236.2	0	0
2024	344	2	509.73	50.97	560.7	421.7	139	0	0	0	0	0
2024	345	1	3240	293	3533	2043.9	1179.1	0	0	310	0	0
2024	345	2	890.36	89.04	979.4	853	126	0	0	0	0	0.4
2024	346	1	2311.82	187.88	2499.7	1381.98	684.7	0	0	433.02	0	0
2024	346	2	1017.18	101.72	1118.9	934.7	184	0	0	0	0	0.2
2024	347	1	1568.43	125.17	1693.6	948.3	428.6	0	0	316.7	0	0
2024	347	2	469.18	46.92	516.1	431.8	84	0	0	0	0	0.3
2024	348	1	1662.36	131.99	1794.35	797.95	653.9	0	0	342.5	0	0
2024	348	2	552.96	51.24	604.2	457.5	106.1	0	0	40.6	0	0
2024	349	1	1866.16	162.94	2029.1	1233.25	559.1	0	0	236.75	0	0
2024	349	2	503.73	50.37	554.1	471	83	0	0	0	0	0.1
2024	350	1	2248.59	177.01	2425.6	1201.5	745.6	0	0	478.5	0	0
2024	350	2	549.82	54.98	604.8	510.2	94	0	0	0	0	0.6
2024	351	1	2188.47	176.16	2364.63	1108.08	829.63	0	0	426.92	0	0
2024	351	2	656.09	65.61	721.7	625.1	96.5	0	0	0	0	0.1
2024	352	1	3069.41	237.99	3307.4	1540.49	1077.4	0	0	689.51	0	0
2024	352	2	1193.36	119.34	1312.7	1112.05	200	0	0	0	0	0.65
2024	353	1	3960.58	321.82	4282.4	1962.58	1577.4	0	0	742.42	0	0
2024	353	2	1083.27	108.33	1191.6	977.85	213	0	0	0	0	0.75
2024	354	1	3306.71	255.01	3561.72	1513.4	1291.72	0	0	756.6	0	0
2024	354	2	1045.18	104.52	1149.7	870.35	279.3	0	0	0	0	0.05
2024	355	1	2594.73	197.12	2791.85	1251.45	916.85	0	0	623.55	0	0
2024	355	2	896.09	89.61	985.7	829.25	156.45	0	0	0	0	0
2024	356	1	3067.53	252.76	3320.29	1714	1066.39	0	0	539.9	0	0
2024	356	2	919.55	91.95	1011.5	894.6	116.3	0	0	0	0	0.6
2024	357	1	2301.04	173.3	2474.34	1039.05	867.2	0	0	568.09	0	0
2024	357	2	1063.82	106.38	1170.2	963.9	156.3	0	0	0	0	50
2024	358	1	2149.77	163.69	2313.46	1015.3	785.3	0	0	512.86	0	0
2024	358	2	716.55	71.65	788.2	675.2	113	0	0	0	0	0
2024	359	1	1847.3	148.2	1995.5	924.72	705.5	0	0	365.28	0	0
2024	359	2	648.36	64.84	713.2	474.1	239	0	0	0	0	0.1
2025	180	1	1421.98	118.12	1540.1	719.2	580.1	0	0	240.8	0	0
2025	180	2	612.82	61.28	674.1	535.9	138.2	0	0	0	0	0
2025	181	1	1420.81	125.69	1546.5	876.1	506.5	0	0	163.9	0	0
2025	181	2	485.55	48.55	534.1	390.5	143.6	0	0	0	0	0
2025	182	1	1233.79	107.26	1341.05	316.05	863.8	0	0	161.2	0	0
2025	182	2	595.55	59.55	655.1	469.6	185.3	0	0	0	0	0.2
2025	183	1	1381.85	123.65	1505.5	903.3	456.8	0	0	145.4	0	0
2025	183	2	641	64.1	705.1	557.14	147.9	0	0	0	0	0.06
2025	184	1	2432.98	237.02	2670	1582.17	1025	0	0	62.83	0	0
2025	184	2	960.64	96.06	1056.7	709.9	346.8	0	0	0	0	0
2025	185	1	2142.25	177.55	2319.8	1038.3	914.8	0	0	366.7	0	0
2025	185	2	976.82	97.68	1074.5	837.99	236.5	0	0	0	0	0.01
2025	186	1	2174.68	183.78	2358.46	1213.14	808.46	0	0	336.86	0	0
2025	186	2	1094.45	109.45	1203.9	842.66	361.24	0	0	0	0	0
2025	187	1	1892.25	149.75	2042	965.3	682	0	0	394.7	0	0
2025	187	2	903.64	90.36	994	745.7	248.3	0	0	0	0	0
2025	188	1	1444.26	120.22	1564.48	817.96	504.48	0	0	242.04	0	0
2025	188	2	581	58.1	639.1	459.38	179.72	0	0	0	0	0
2025	189	1	1213.82	105.48	1319.3	786	374.3	0	0	159	0	0
2025	189	2	722.27	72.23	794.5	583.5	211	0	0	0	0	0
2025	190	1	1578.78	132.37	1711.15	884.96	571.15	0	0	255.04	0	0
2025	190	2	770.82	77.08	847.9	648.6	199.3	0	0	0	0	0
2025	191	1	2422.55	209.55	2632.1	1331.6	973.4	0	0	327.1	0	0
2025	191	2	852.09	85.21	937.3	758.2	179.1	0	0	0	0	0
2025	192	1	2901.68	243.22	3144.9	1552.85	1122.6	0	0	469.45	0	0
2025	192	2	1544.91	154.49	1699.4	1284.9	414.5	0	0	0	0	0
2025	193	1	2069.87	177.93	2247.8	1304.4	652.8	0	0	290.6	0	0
2025	193	2	915.45	91.55	1007	746.9	260.1	0	0	0	0	0
2025	194	1	1682.48	142.31	1824.79	765.67	799.79	0	0	259.33	0	0
2025	194	2	605.09	60.51	665.6	574.69	90.91	0	0	0	0	0
2025	195	1	1364.14	110.76	1474.9	683.5	534.9	0	0	256.5	0	0
2025	195	2	695.91	69.59	765.5	508.9	256.6	0	0	0	0	0
2025	196	1	1463.09	105.12	1568.21	583.09	573.21	0	0	411.91	0	0
2025	196	2	870.55	87.05	957.6	624.91	332.69	0	0	0	0	0
2025	197	1	1507.02	114.08	1621.1	703.8	551.1	0	0	366.2	0	0
2025	197	2	764	76.4	840.4	625.5	214.9	0	0	0	0	0
2025	198	1	2403.37	206.63	2610	1435.2	837.7	0	0	337.1	0	0
2025	198	2	990.36	99.04	1089.4	892	197.4	0	0	0	0	0
2025	199	1	2007.96	168.14	2176.1	1143.4	706.1	0	0	326.6	0	0
2025	199	2	1047.09	104.71	1151.8	905.8	246	0	0	0	0	0
2025	200	1	1695.85	130.15	1826	695.7	736	0	0	394.3	0	0
2025	200	2	856	85.6	941.6	784.1	157.5	0	0	0	0	0
2025	201	1	1306.95	102.85	1409.8	726.5	404.8	0	0	278.5	0	0
2025	201	2	789.27	78.93	868.2	590.15	278	0	0	0	0	0.05
2025	202	1	1703.78	127.62	1831.4	832.4	571.4	0	0	427.6	0	0
2025	202	2	691.36	69.14	760.5	566.4	194.1	0	0	0	0	0
2025	203	1	1614.32	130.78	1745.1	793.5	645.1	0	0	306.5	0	0
2025	203	2	677.91	67.79	745.7	619.9	125.8	0	0	0	0	0
2025	204	1	1507.39	121.06	1628.45	751.95	579.75	0	0	296.75	0	0
2025	204	2	805	80.5	885.5	560.85	324.65	0	0	0	0	0
2025	205	1	3974.55	309.45	4284	1629.91	1774	0	0	880.09	0	0
2025	205	2	1888.18	188.82	2077	1346.3	730	0	0	0	0	0.7
2025	206	1	2116.58	178.42	2295	1142.64	820	0	0	332.36	0	0
2025	206	2	1016.27	101.63	1117.9	824.1	293	0	0	0	0	0.8
2025	207	1	2656.31	190.46	2846.77	1153.27	941.77	0	0	751.73	0	0
2025	207	2	1211.64	121.16	1332.8	1114.97	217.83	0	0	0	0	0
2025	208	1	1520.85	133.75	1654.6	931.67	539.6	0	0	183.33	0	0
2025	208	2	617	61.7	678.7	584.65	94	0	0	0	0	0.05
2025	209	1	1465.93	119.32	1585.25	702.29	610.25	0	0	272.71	0	0
2025	209	2	696.09	69.61	765.7	588.1	177.6	0	0	0	0	0
2025	210	1	1618.96	106.39	1725.35	719.95	450.35	0	0	555.05	0	0
2025	210	2	731.45	73.15	804.6	577.9	226.7	0	0	0	0	0
2025	211	1	2665.6	173.05	2838.65	314.85	1588.65	0	0	935.15	0	0
2025	211	2	865	86.5	951.5	722.1	229.4	0	0	0	0	0
2025	212	1	2562.49	218.51	2781	1121.31	1282.3	0	0	377.39	0	0
2025	212	2	955.82	95.58	1051.4	798.4	253	0	0	0	0	0
2025	213	1	2123.45	161.65	2285.1	1093.1	685.1	0	0	506.9	0	0
2025	213	2	1269.82	126.98	1396.8	1050	346.8	0	0	0	0	0
2025	214	1	2061.1	177.62	2238.72	1099	854.77	0	0	284.95	0	0
2025	214	2	1025.18	102.52	1127.7	963.82	163.88	0	0	0	0	0
2025	215	1	1862.35	139.85	2002.2	966.2	572.2	0	0	463.8	0	0
2025	215	2	893.55	89.35	982.9	773.8	209.1	0	0	0	0	0
2025	216	1	1551.15	118.45	1669.6	678.4	624.6	0	0	366.6	0	0
2025	216	2	694.91	69.49	764.4	535.8	228.6	0	0	0	0	0
2025	217	1	1733.58	150.92	1884.5	935.6	724.5	0	0	224.4	0	0
2025	217	2	855	85.5	940.5	681.3	259.2	0	0	0	0	0
2025	218	1	1809.28	143.75	1953.03	814.18	767.1	0	0	371.75	0	0
2025	218	2	897.55	89.75	987.3	752.3	235	0	0	0	0	0
2025	219	1	2794.76	236.84	3031.6	1427.35	1177.9	0	0	426.35	0	0
2025	219	2	1019.91	101.99	1121.9	886.9	235	0	0	0	0	0
2025	220	1	2419.07	208.38	2627.45	1059.7	1232.45	0	0	335.3	0	0
2025	220	2	1127.09	110.71	1237.8	893.5	324.3	0	0	20	0	0
2025	221	1	2272.68	185.63	2458.31	1103.59	938.31	0	0	416.41	0	0
2025	221	2	975.45	97.55	1073	825.21	247.79	0	0	0	0	0
2025	222	1	2238.84	177.11	2415.95	1117.3	830.95	0	0	467.7	0	0
2025	222	2	1112.82	111.28	1224.1	878.5	345.6	0	0	0	0	0
2025	223	1	2251.55	200.45	2452	1343	862	0	0	247	0	0
2025	223	2	1055.64	105.56	1161.2	845.7	315.5	0	0	0	0	0
2025	224	1	2338.79	194.43	2533.22	1134.16	1004.52	0	0	394.54	0	0
2025	224	2	1010.09	101.01	1111.1	764.62	346.48	0	0	0	0	0
2025	225	1	2843.44	214.66	3058.1	1138.11	1223.1	0	0	696.89	0	0
2025	225	2	1543.55	154.35	1697.9	1211.4	486.5	0	0	0	0	0
2025	226	1	2886.88	247.22	3134.1	1370.29	1349.1	0	0	414.71	0	0
2025	226	2	1352.45	135.25	1487.7	1097.4	390.3	0	0	0	0	0
2025	227	1	2638.54	191.46	2830	856.07	1250	0	0	723.93	0	0
2025	227	2	1118.09	111.81	1229.9	926.7	303.2	0	0	0	0	0
2025	228	1	2405.13	192.17	2597.3	1207.53	906.3	0	0	483.47	0	0
2025	228	2	1158	115.8	1273.8	974.6	299.2	0	0	0	0	0
2025	229	1	2474.56	218.29	2692.85	1348.3	1052.85	0	0	291.7	0	0
2025	229	2	1198.91	119.89	1318.8	953.5	365.3	0	0	0	0	0
2025	230	1	2206.11	171.44	2377.55	918.3	967.55	0	0	491.7	0	0
2025	230	2	832.27	83.23	915.5	589.5	326	0	0	0	0	0
2025	231	1	3545.88	296.32	3842.2	1592.33	1667.2	0	0	582.67	0	0
2025	231	2	1730.91	173.09	1904	1408	496	0	0	0	0	0
2025	232	1	1987.9	163.8	2151.7	1200.07	601.7	0	0	349.93	0	0
2025	232	2	1036.55	103.65	1140.2	769.1	371.1	0	0	0	0	0
2025	233	1	2806.36	259.27	3065.63	1421.37	1430.63	0	0	213.63	0	0
2025	233	2	1019	101.9	1120.9	750.93	369.97	0	0	0	0	0
2025	234	1	2344.78	196.96	2541.74	1164.79	1001.74	0	0	375.21	0	0
2025	234	2	1110.36	111.04	1221.4	934.64	286.76	0	0	0	0	0
2025	235	1	1871.12	138.78	2009.9	791.7	734.9	0	0	483.3	0	0
2025	235	2	801.55	80.15	881.7	628.5	253.2	0	0	0	0	0
2025	236	1	1620.74	133.16	1753.9	945.9	518.9	0	0	289.1	0	0
2025	236	2	689.64	68.96	758.6	617.6	141	0	0	0	0	0
2025	237	1	1572.27	143.13	1715.4	1039	535.4	0	0	141	0	0
2025	237	2	620.73	62.07	682.8	533.6	149.2	0	0	0	0	0
2025	238	1	2070.44	153.66	2224.1	966.15	724.1	0	0	533.85	0	0
2025	238	2	860.36	86.04	946.4	710.1	236.3	0	0	0	0	0
2025	239	1	2984.62	228.58	3213.2	1216.15	1298.2	0	0	698.85	0	0
2025	239	2	1452.45	145.25	1597.7	1179.3	418.4	0	0	0	0	0
2025	240	1	2858.65	216.15	3074.8	1151.6	1226.1	0	0	697.1	0	0
2025	240	2	1278.09	127.81	1405.9	1004.1	401.8	0	0	0	0	0
2025	241	1	2008.53	166.04	2174.57	884.82	941.58	0	0	348.17	0	0
2025	241	2	1073.33	107.33	1180.66	855.98	324.68	0	0	0	0	0
2025	242	1	1733.31	124.82	1858.13	699.87	673.13	0	0	485.13	0	0
2025	242	2	752.43	75.24	827.67	781.8	45.87	0	0	0	0	0
2025	243	1	2038.45	137.5	2175.95	746.55	765.95	0	0	663.45	0	0
2025	243	2	1050.06	105.01	1155.07	767.62	387.45	0	0	0	0	0
2025	244	1	1323.03	100.58	1423.61	632.79	473.61	0	0	317.21	0	0
2025	244	2	486.9	48.69	535.59	448.8	86.79	0	0	0	0	0
2025	245	1	1592.71	138.49	1731.2	957.2	566.2	0	0	207.8	0	0
2025	245	2	696.8	69.68	766.48	564.6	201.8	0	0	0	0	0.08
2025	246	1	1474.84	127.96	1602.8	856.8	550.8	0	0	195.2	0	0
2025	246	2	662.82	66.28	729.1	611.1	118	0	0	0	0	0
2025	247	1	2088.41	154.51	2242.92	976.72	722.92	0	0	543.28	0	0
2025	247	2	831.87	83.19	915.06	678.9	236.16	0	0	0	0	0
2025	248	1	1793.77	160.95	1954.72	995.78	774.72	0	0	184.22	0	0
2025	248	2	930.07	93.01	1023.08	801.4	221.68	0	0	0	0	0
2025	249	1	1462.31	110.65	1572.96	754.15	462.96	0	0	355.85	0	0
2025	249	2	724.45	72.44	796.89	542.35	254.54	0	0	0	0	0
2025	250	1	1321.08	90.95	1412.03	503.47	497.03	0	0	411.53	0	0
2025	250	2	589.79	58.98	648.77	502.2	146.57	0	0	0	0	0
2025	251	1	1829.8	142.61	1972.41	851.29	717.41	0	0	403.71	0	0
2025	251	2	961.34	96.13	1057.47	762.4	295.07	0	0	0	0	0
2025	252	1	1592.23	118.77	1711	795.5	511	0	0	404.5	0	0
2025	252	2	609	60.9	669.9	545.16	124.74	0	0	0	0	0
2025	253	1	1270.79	84.7	1355.49	596.21	335.49	0	0	423.79	0	0
2025	253	2	511.27	51.13	562.4	440.19	122.21	0	0	0	0	0
2025	254	1	2602.05	197.25	2799.3	1035.43	1134.3	0	0	629.57	0	0
2025	254	2	819.51	81.95	901.46	718.1	183.36	0	0	0	0	0
2025	255	1	1907.93	128.59	2036.52	731.65	682.87	0	0	622	0	0
2025	255	2	831.44	83.14	914.58	712.3	202.28	0	0	0	0	0
2025	256	1	1015.59	81.41	1097	473.48	422	0	0	201.52	0	0
2025	256	2	382.45	38.25	420.7	296.3	124.4	0	0	0	0	0
2025	257	1	1162.9	97.11	1260.01	613.19	455.01	0	0	191.81	0	0
2025	257	2	525.54	52.55	578.09	384.4	193.69	0	0	0	0	0
2025	258	1	1174.3	75.45	1249.75	450.25	379.75	0	0	419.75	0	0
2025	258	2	454.64	45.46	500.1	354.35	145.75	0	0	0	0	0
2025	259	1	1195.98	97.71	1293.69	686.14	388.69	0	0	218.86	0	0
2025	259	2	558.89	55.89	614.78	521.45	93.3	0	0	0	0	0.03
2025	260	1	1161.83	101.79	1263.62	751.08	368.62	0	0	143.92	0	0
2025	260	2	486.26	48.63	534.89	352.1	182.79	0	0	0	0	0
2025	261	1	2357.88	153.32	2511.2	450.35	1236.2	0	0	824.65	0	0
2025	261	2	771.08	77.11	848.19	600	248.19	0	0	0	0	0
2025	262	1	1689.22	139.9	1829.12	719.74	819.12	0	0	290.26	0	0
2025	262	2	739.75	73.98	813.73	700.2	113.53	0	0	0	0	0
2025	263	1	1124.15	88.45	1212.6	545.3	427.6	0	0	239.7	0	0
2025	263	2	468.91	46.89	515.8	398.9	116.9	0	0	0	0	0
2025	264	1	1468.41	119.66	1588.07	883.23	433.07	0	0	271.77	0	0
2025	264	2	490.64	49.06	539.7	414.57	125.13	0	0	0	0	0
2025	265	1	1253.23	85.77	1339	434.51	509	0	0	395.49	0	0
2025	265	2	550.55	55.05	605.6	474.4	131.2	0	0	0	0	0
2025	266	1	1235.81	106.32	1342.13	792.35	377.13	0	0	172.65	0	0
2025	266	2	499.7	49.97	549.67	454.6	95.07	0	0	0	0	0
2025	267	1	1251.81	107.7	1359.51	685.19	499.51	0	0	174.81	0	0
2025	267	2	660.51	66.05	726.56	588.3	138.26	0	0	0	0	0
2025	268	1	2777.84	231.7	3009.54	1269.16	1279.54	0	0	460.84	0	0
2025	268	2	795.51	79.55	875.06	721.65	153.41	0	0	0	0	0
2025	269	1	1973.41	157.6	2131.01	987.56	746.01	0	0	397.44	0	0
2025	269	2	885.06	88.51	973.57	713.85	259.72	0	0	0	0	0
2025	270	1	1164.15	104.95	1269.1	760.4	394.1	0	0	114.6	0	0
2025	270	2	562.54	56.25	618.79	428.1	190.69	0	0	0	0	0
2025	271	1	1145.99	84.11	1230.1	655.13	270.1	0	0	304.87	0	0
2025	271	2	489.15	48.45	537.6	404.7	128.3	0	0	4.6	0	0
2025	272	1	1306.18	75.52	1381.7	374	456.7	0	0	551	0	0
2025	272	2	530.83	50.17	581	468.99	82.9	0	0	29.11	0	0
2025	273	1	1265.35	91.35	1356.7	643.2	361.7	0	0	351.8	0	0
2025	273	2	470.1	45	515.1	398.89	96.1	0	0	20.11	0	0
2025	274	1	1483.37	116.63	1600	612.9	670	0	0	317.1	0	0
2025	274	2	651.83	59.97	711.8	584.2	75.5	0	0	52.1	0	0
2025	275	1	2860.67	233.73	3094.4	1366.65	1204.4	0	0	523.35	0	0
2025	275	2	733.54	71.85	805.39	565.8	224.5	0	0	15.09	0	0
2025	276	1	2121.75	166.31	2288.06	958.91	870.5	0	0	458.65	0	0
2025	276	2	1069.46	102.34	1171.8	905.78	220	0	0	46.02	0	0
2025	277	1	922.93	77.87	1000.8	595.72	260.8	0	0	144.28	0	0
2025	277	2	428.8	40.3	469.1	302.5	140.8	0	0	25.8	0	0
2025	278	1	1420.24	132.66	1552.9	851.32	607.9	0	0	93.68	0	0
2025	278	2	501.78	48.42	550.2	428.5	104.1	0	0	17.6	0	0
2025	279	1	1153.87	85.13	1239	492.39	444	0	0	302.61	0	0
2025	279	2	377.79	35.51	413.3	298.29	92.3	0	0	22.71	0	0
2025	280	1	1094.52	83.78	1178.3	673.24	248.3	0	0	256.76	0	0
2025	280	2	456.62	44.88	501.5	421.39	72.3	0	0	7.81	0	0
2025	281	1	1361.53	110.87	1472.4	747.2	472.4	0	0	252.8	0	0
2025	281	2	526.71	51.19	577.9	413.7	149.4	0	0	14.8	0	0
2025	282	1	2454.39	222.13	2676.52	1328.78	1114.7	0	0	233.04	0	0
2025	282	2	771.13	73.23	844.36	575.58	229.9	0	0	38.88	0	0
2025	283	1	1684.43	151.29	1835.72	1093.52	570.72	0	0	171.48	0	0
2025	283	2	883.89	86.01	969.9	794.49	151.6	0	0	23.81	0	0
2025	284	1	979.49	84.21	1063.7	552.6	373.7	0	0	137.4	0	0
2025	284	2	373.19	36.61	409.8	276.3	126.4	0	0	7.1	0	0
2025	285	1	976.89	60.66	1037.55	304.73	362.55	0	0	370.27	0	0
2025	285	2	368.45	36.25	404.7	318.1	80.6	0	0	6	0	0
2025	286	1	1410.34	90.66	1501	506.3	491	0	0	503.7	0	0
2025	286	2	513.77	48.52	562.29	393.59	140.09	0	0	28.61	0	0
2025	287	1	1311.72	101.48	1413.2	598.1	518.2	0	0	296.9	0	0
2025	287	2	512.66	49.54	562.2	437.6	107.3	0	0	17.3	0	0
2025	288	1	1275.21	114.59	1389.8	685.7	574.8	0	0	129.3	0	0
2025	288	2	498.8	48.05	546.85	411.2	117.4	0	0	18.25	0	0
2025	289	1	2587.79	195.21	2783	1129.26	1018	0	0	635.74	0	0
2025	289	2	631.13	59.37	690.5	506.7	146.4	0	0	37.4	0	0
2025	290	1	1764.8	139.5	1904.3	1000.21	534.3	0	0	369.79	0	0
2025	290	2	1043.18	99.87	1143.05	961.07	137.5	0	0	44.48	0	0
2025	291	1	777.77	68.13	845.9	358.5	390.9	0	0	96.5	0	0
2025	291	2	410.75	39.84	450.59	331.7	106.5	0	0	12.39	0	0
2025	292	1	931.08	55.62	986.7	335.1	276.7	0	0	374.9	0	0
2025	292	2	488.36	48.84	537.2	415.3	118.4	0	0	0	0	3.5
2025	293	1	642.35	54.45	696.8	417.2	181.8	0	0	97.8	0	0
2025	293	2	426.11	41.19	467.3	340.8	112.3	0	0	14.2	0	0
2025	294	1	994.8	71.1	1065.9	491.18	290.9	0	0	283.82	0	0
2025	294	2	493.77	48.63	542.4	414.89	120	0	0	7.51	0	0
2025	295	1	1103.28	99.92	1203.2	560.9	538.2	0	0	104.1	0	0
2025	295	2	598.23	58.87	657.1	498.39	149.2	0	0	9.51	0	0
2025	296	1	2891.5	232.9	3124.4	1327.54	1234.4	0	0	562.46	0	0
2025	296	2	880.92	85.96	966.88	717.29	228.28	0	0	21.31	0	0
2025	297	1	2083.7	165.4	2249.1	1175.25	644.1	0	0	429.75	0	0
2025	297	2	957.89	91.61	1049.5	761.09	246.6	0	0	41.81	0	0
2025	298	1	840.71	66.69	907.4	434.9	298.7	0	0	173.8	0	0
2025	298	2	364.82	35.63	400.45	315.1	76.8	0	0	8.55	0	0
2025	299	1	875.62	63.68	939.3	491.16	209.3	0	0	238.84	0	0
2025	299	2	372.78	33.72	406.5	276.8	94.1	0	0	35.6	0	0
2025	300	1	1006.05	72.15	1078.2	425.48	368.2	0	0	284.52	0	0
2025	300	2	437.5	42.84	480.34	324.4	146.79	0	0	9.15	0	0
2025	301	1	1059.95	74.85	1134.8	498.56	324.8	0	0	311.44	0	0
2025	301	2	529.64	52.96	582.6	496.95	85.65	0	0	0	0	0
2025	302	1	1188.46	112.79	1301.25	719.4	521.25	0	0	60.6	0	0
2025	302	2	477.72	36.98	514.7	235.78	171	0	0	107.92	0	0
2024	360	1	2333.15	155.55	2488.7	802.35	908.7	0	0	777.65	0	0
2024	360	2	607.45	60.75	668.2	573.45	94.5	0	0	0	0	0.25
2026	1	1	1704.73	115.07	1819.8	651	614.8	0	0	554	0	0
2026	1	2	802.18	80.22	882.4	685.8	162.4	0	0	0	0	34.2
2026	2	1	3117.26	230.69	3347.95	1054.64	1482.95	0	0	810.36	0	0
2026	2	2	1108.08	110.81	1218.89	946.5	263	0	0	0	0	9.39
2026	3	1	2291.41	149.39	2440.8	787.53	855.8	0	0	797.47	0	0
2026	3	2	1208.98	119.52	1328.5	1017.18	297.5	0	0	13.82	0	0
2025	303	1	2417.27	180.43	2597.7	956.98	1027.7	0	0	613.02	0	0
2025	303	2	736.23	67.97	804.2	571.48	176.2	0	0	56.52	0	0
2025	304	1	1587.94	137.36	1725.3	955.61	555.3	0	0	214.39	0	0
2025	304	2	892.29	88.01	980.3	752.77	215.3	0	0	12.23	0	0
2025	305	1	993.81	88.19	1082	586.82	383.3	0	0	111.88	0	0
2025	305	2	434.45	43.45	477.9	371	79.2	0	0	0	0	27.7
2025	306	1	1025.26	71.29	1096.55	447.67	336.55	0	0	312.33	0	0
2025	306	2	434.18	41.72	475.9	399.7	59.2	0	0	17	0	0
2025	307	1	997.85	84.15	1082	493.6	432	0	0	156.4	0	0
2025	307	2	415.17	38.83	454	367.58	59.6	0	0	26.82	0	0
2025	308	1	1017.08	79.32	1096.4	616.09	256.4	0	0	223.91	0	0
2025	308	2	382.09	38.21	420.3	382.2	30.7	0	0	0	0	7.4
2025	309	1	1066.87	75.73	1142.6	535.4	297.6	0	0	309.6	0	0
2025	309	2	425.76	42.04	467.8	387.1	75.3	0	0	5.4	0	0
2025	310	1	2264.01	179.59	2443.6	1011.84	963.6	0	0	468.16	0	0
2025	310	2	694.23	65.87	760.1	516	208.6	0	0	35.5	0	0
2025	311	1	1539.21	124.89	1664.1	859.71	514.1	0	0	290.29	0	0
2025	311	2	767.51	75.99	843.5	652.38	183.5	0	0	7.62	0	0
2025	312	1	891.06	73.64	964.7	465.3	344.7	0	0	154.7	0	0
2025	312	2	442.35	44.24	486.59	415	60.7	0	0	0	0	10.89
2025	313	1	1019.95	76.55	1096.5	455.5	386.5	0	0	254.5	0	0
2025	313	2	405.5	39.64	445.14	366	70	0	0	9.14	0	0
2025	314	1	1054.15	84.85	1139	534.3	399	0	0	205.7	0	0
2025	314	2	388.08	38.81	426.89	346.85	68.9	0	0	0	0	11.14
2025	315	1	958.75	66.75	1025.5	473.8	260.5	0	0	291.2	0	0
2025	315	2	353.73	35.37	389.1	320	61.7	0	0	0	0	7.4
2025	316	1	1377.44	108.56	1486	593.14	601	0	0	291.86	0	0
2025	316	2	400.89	40.09	440.98	285	125.79	0	0	0	0	30.19
2025	317	1	2308.05	196	2504.05	1366.98	789.05	0	0	348.02	0	0
2025	317	2	980.84	90.65	1071.49	610.71	386.49	0	0	74.29	0	0
2025	318	1	2095.61	161.99	2257.6	949.27	832.6	0	0	475.73	0	0
2025	318	2	853.99	85.4	939.39	760	179	0	0	0	0	0.39
2025	319	1	1058.16	78.64	1136.8	538.19	326.8	0	0	271.81	0	0
2025	319	2	528.01	52.17	580.18	428.7	145.18	0	0	6.3	0	0
2025	320	1	1051.61	92.09	1143.7	564.29	448.7	0	0	130.71	0	0
2025	320	2	454.55	45.45	500	420.8	53.6	0	0	0	0	25.6
2025	321	1	1180.53	79.17	1259.7	386.2	484.7	0	0	388.8	0	0
2025	321	2	324.3	31.4	355.7	299.7	45.7	0	0	10.3	0	0
2025	322	1	1091.93	89.47	1181.4	647.8	336.4	0	0	197.2	0	0
2025	322	2	586.59	52.61	639.2	369.5	209.2	0	0	60.5	0	0
2025	323	1	1117.34	93.86	1211.2	681.24	351.2	0	0	178.76	0	0
2025	323	2	596.63	59.66	656.29	465	179.1	0	0	0	0	12.19
2025	324	1	2355.38	208.92	2564.3	1438.81	859.3	0	0	266.19	0	0
2025	324	2	823.08	82.31	905.39	660	245	0	0	0	0	0.39
2025	325	1	2082.65	167.75	2250.4	1134.9	710.4	0	0	405.1	0	0
2025	325	2	1019.82	101.98	1121.8	850	271	0	0	0	0	0.8
2025	326	1	936.21	78.79	1015	594.72	272	0	0	148.28	0	0
2025	326	2	672.64	67.26	739.9	524.9	192.7	0	0	0	0	22.3
2025	327	1	1010.86	94.34	1105.2	647.59	390.2	0	0	67.41	0	0
2025	327	2	557.91	55.79	613.7	430	172.7	0	0	0	0	11
2025	328	1	1396.48	119.52	1516	748.77	566	0	0	201.23	0	0
2025	328	2	487.19	46.76	533.95	411.3	103.1	0	0	19.55	0	0
2025	329	1	1157.49	97.01	1254.5	622.58	444.5	0	0	187.42	0	0
2025	329	2	635.35	62.35	697.7	498.1	187.7	0	0	11.9	0	0
2025	330	1	1438.81	120.69	1559.5	743.1	584.5	0	0	231.9	0	0
2025	330	2	607.63	60.76	668.39	415	253	0	0	0	0	0.39
2025	331	1	2944.33	248.67	3193	1517.32	1218	0	0	457.68	0	0
2025	331	2	1000.94	98.06	1099	759.7	319	0	0	20.3	0	0
2025	332	1	1867.35	153.1	2020.45	1083.7	600.45	0	0	336.3	0	0
2025	332	2	1100.84	110.08	1210.92	895.39	307.75	0	0	0	0	7.78
2025	333	1	1050.19	84.41	1134.6	578.86	349.6	0	0	206.14	0	0
2025	333	2	684.27	62.93	747.2	480	212.2	0	0	55	0	0
2025	334	1	1116.43	87.37	1203.8	547.5	413.6	0	0	242.7	0	0
2025	334	2	454.82	45.48	500.3	330	116	0	0	0	0	54.3
2025	335	1	1268.96	104.04	1373	636.41	508	0	0	228.59	0	0
2025	335	2	528.72	52.87	581.59	480	86.4	0	0	0	0	15.19
2025	336	1	1344.17	90.93	1435.1	435.1	565.1	0	0	434.9	0	0
2025	336	2	516.55	51.65	568.2	443.93	123.5	0	0	0	0	0.77
2025	337	1	1202.16	108.94	1311.1	772.2	426.1	0	0	112.8	0	0
2025	337	2	449.18	44.92	494.1	386.18	97.4	0	0	0	0	10.52
2025	338	1	2355.2	162.4	2517.6	1043.83	742.6	0	0	731.17	0	0
2025	338	2	906.91	90.69	997.6	740.48	240.7	0	0	0	0	16.42
2025	339	1	2023.47	169.43	2192.9	1240.8	622.9	0	0	329.2	0	0
2025	339	2	1012.87	101.03	1113.9	827.38	283.9	0	0	2.62	0	0
2025	340	1	1697.41	145.49	1842.9	1017.45	582.9	0	0	242.55	0	0
2025	340	2	686.52	68.65	755.17	634.4	110.6	0	0	0	0	10.17
2025	341	1	1223.06	90.24	1313.3	594.29	398.3	0	0	320.71	0	0
2025	341	2	474.6	46.92	521.52	447.9	68.2	0	0	5.42	0	0
2025	342	1	1259.07	101.58	1360.65	586.75	530.65	0	0	243.25	0	0
2025	342	2	363.17	36.32	399.49	350	44.39	0	0	0	0	5.1
2025	343	1	1224.01	101.39	1325.4	684.84	430.4	0	0	210.16	0	0
2025	343	2	517.72	51.77	569.49	438.2	126.9	0	0	0	0	4.39
2025	344	1	1472.85	128.65	1601.5	778.66	636.5	0	0	186.34	0	0
2025	344	2	569.27	56.93	626.2	528.2	80.7	0	0	0	0	17.3
2025	345	1	2819.61	184.99	3004.6	995.3	1039.6	0	0	969.7	0	0
2025	345	2	757.72	75.77	833.49	637.9	194	0	0	0	0	1.59
2025	346	1	1703.01	140.19	1843.2	953.84	588.2	0	0	301.16	0	0
2025	346	2	954.95	94.55	1049.5	851.3	188.7	0	0	9.5	0	0
2025	347	1	1294	105.2	1399.2	677.95	479.2	0	0	242.05	0	0
2025	347	2	491.53	49.15	540.68	382.8	156.79	0	0	0	0	1.09
2025	348	1	1460.32	101.78	1562.1	632.5	487.1	0	0	442.5	0	0
2025	348	2	493.64	48.16	541.8	443.8	86	0	0	12	0	0
2025	349	1	1652.42	125.38	1777.8	716.35	662.8	0	0	398.65	0	0
2025	349	2	532.65	53.2	585.85	426.7	158.5	0	0	0.65	0	0
2025	350	1	1659.92	109.68	1769.6	651.91	554.6	0	0	563.09	0	0
2025	350	2	557.84	55.06	612.9	483.5	122.2	0	0	7.2	0	0
2025	351	1	1626.35	114.45	1740.8	613.16	645.8	0	0	481.84	0	0
2025	351	2	731.61	72.89	804.5	499.17	302.6	0	0	2.73	0	0
2025	352	1	2952.92	235.08	3188	1257.89	1328	0	0	602.11	0	0
2025	352	2	993.14	94.71	1087.85	785.39	256.4	0	0	46.06	0	0
2025	353	1	2619.54	172.16	2791.7	872.1	1021.7	0	0	897.9	0	0
2025	353	2	1171.77	117.18	1288.95	968.38	287.1	0	0	0	0	33.47
2025	354	1	2013.71	135.69	2149.4	643.14	849.4	0	0	656.86	0	0
2025	354	2	766.99	76.7	843.69	659.4	164.99	0	0	0	0	19.3
2025	355	1	2526.64	169.61	2696.25	774.49	1091.25	0	0	830.51	0	0
2025	355	2	1008.91	100.89	1109.8	772.77	320.3	0	0	0	0	16.73
2025	356	1	2135.63	147.97	2283.6	594.1	1033.6	0	0	655.9	0	0
2025	356	2	885.18	88.52	973.7	599.1	285.6	0	0	0	0	89
2025	357	1	3328.62	224.58	3553.2	1312.14	1158.2	0	0	1082.86	0	0
2025	357	2	1169.62	113.98	1283.6	946.6	307.2	0	0	29.8	0	0
2025	358	1	2841.43	176.37	3017.8	1017.28	922.8	0	0	1077.72	0	0
2025	358	2	1184.32	113.48	1297.8	959.06	289.2	0	0	49.54	0	0
2025	359	1	2000.98	121.02	2122	572.64	758.6	0	0	790.76	0	0
2025	359	2	662	66.2	728.2	428.5	201.5	0	0	0	0	98.2
2025	360	1	1978.45	139.85	2118.3	795	743.3	0	0	580	0	0
2025	360	2	759.64	75.96	835.6	615.49	217.8	0	0	0	0	2.31
2025	361	1	1881.65	142.95	2024.6	837.9	734.6	0	0	452.1	0	0
2025	361	2	704.25	70.43	774.68	603.5	166	0	0	0	0	5.18
2026	4	1	1847.68	110.12	1957.8	643.5	567.8	0	0	746.5	0	0
2026	4	2	875.25	87.53	962.78	669.6	279.3	0	0	0	0	13.88
2026	5	1	1194.36	65.54	1259.9	336.04	384.9	0	0	538.96	0	0
2026	5	2	845.99	84.08	930.07	670.17	254.67	0	0	5.23	0	0
2026	6	1	1245.24	66.76	1312	0	782	0	0	577.59	0	0
2026	6	2	432.95	42.73	475.68	374.9	95.1	0	0	5.68	0	0
2026	7	1	1144.35	65.15	1209.5	317.1	399.5	0	0	492.9	0	0
2026	7	2	499.25	49.35	548.6	421.6	121.2	0	0	5.8	0	0
2026	8	1	1158.18	71.02	1229.2	211.97	569.2	0	0	448.03	0	0
2026	8	2	411.82	41.18	453	380.72	72	0	0	0	0	0.28
2026	9	1	2330.58	154.02	2484.6	789.67	904.6	0	0	790.33	0	0
2026	9	2	760.52	75.23	835.75	663.7	163.8	0	0	8.25	0	0
2026	10	1	1623.17	104.33	1727.5	660.1	487.5	0	0	579.9	0	0
2026	10	2	878.66	86.54	965.2	742.29	209.7	0	0	13.21	0	0
2026	11	1	986.9	60.4	1047.3	292.13	372.3	0	0	382.87	0	0
2026	11	2	463.86	45.74	509.6	343.3	159.8	0	0	6.5	0	0
2026	12	1	1081.62	63.28	1144.9	261.2	434.9	0	0	448.8	0	0
2026	12	2	642.4	59.84	702.24	589.19	69.1	0	0	43.95	0	0
2026	13	1	1102.9	90.5	1193.4	577.1	418.4	0	0	197.9	0	0
2026	13	2	508.79	50.69	559.48	462.2	95.4	0	0	1.88	0	0
2026	14	1	1058.35	91.05	1149.4	582.2	419.4	0	0	147.8	0	0
2026	14	2	460.45	46.05	506.5	313.48	158.8	0	0	0	0	34.22
2026	15	1	1185.13	82.27	1267.4	577.6	327.4	0	0	362.4	0	0
2026	15	2	526.88	51.86	578.74	427.7	142.8	0	0	8.24	0	0
2026	16	1	2227.87	145.93	2373.8	746.38	858.8	0	0	768.62	0	0
2026	16	2	818.09	81.81	899.9	675.2	223.7	0	0	0	0	1
2026	17	1	1583.14	116.76	1699.9	594.41	689.9	0	0	415.59	0	0
2026	17	2	861.38	85.47	946.85	734.89	205.3	0	0	6.66	0	0
2026	18	1	739.31	61.09	800.4	416.6	255.4	0	0	128.4	0	0
2026	18	2	418.52	41.18	459.7	397.79	55.2	0	0	6.71	0	0
2026	19	1	1028.92	82.78	1111.7	603.9	306.7	0	0	201.1	0	0
2026	19	2	483.91	47.44	531.35	440.1	81.7	0	0	9.55	0	0
2026	20	1	990.92	64.68	1055.6	420.89	290.6	0	0	344.11	0	0
2026	20	2	571.45	57.15	628.6	455.6	146.9	0	0	0	0	26.1
2026	21	1	1080.13	96.07	1176.2	590.6	466.2	0	0	119.4	0	0
2026	21	2	484.9	48.49	533.39	399.2	133.7	0	0	0	0	0.49
2026	22	1	1139.37	88.83	1228.2	588.9	388.2	0	0	251.1	0	0
2026	22	2	495.09	48.91	544	366.8	171.2	0	0	6	0	0
2026	23	1	2020.6	175.5	2196.1	1079.43	851.1	0	0	265.57	0	0
2026	23	2	765.03	76.46	841.49	696.4	144.7	0	0	0.39	0	0
2026	24	1	1533.48	110.42	1643.9	775.74	438.9	0	0	429.26	0	0
2026	24	2	945.29	93.89	1039.18	775.5	257.28	0	0	6.4	0	0
2026	25	1	852.27	52.03	904.3	183	389.3	0	0	332	0	0
2026	25	2	501.8	48.55	550.35	403.4	130.7	0	0	16.25	0	0
2026	26	1	778.39	61.71	840.1	398.7	280.1	0	0	161.3	0	0
2026	26	2	460.99	45.6	506.59	378.8	122.8	0	0	4.99	0	0
2026	27	1	721.17	63.55	784.72	486.04	213	0	0	85.68	0	0
2026	27	2	310.53	31.05	341.58	265.1	74.39	0	0	0	0	2.09
2026	28	1	816.58	59.32	875.9	426.6	225.9	0	0	223.4	0	0
2026	28	2	501.42	49.83	551.25	422	126.1	0	0	3.15	0	0
2026	29	1	1043.68	73.02	1116.7	516.01	287.2	0	0	313.49	0	0
2026	29	2	448.09	44.81	492.9	388	97.3	0	0	0	0	7.6
2026	30	1	2133.08	136.22	2269.3	774.12	724.3	0	0	770.88	0	0
2026	30	2	712.84	70.15	782.99	590.17	181.48	0	0	11.34	0	0
2024	361	1	2250.06	225.01	2475.07	0	2475.07	0	0	0	0	0
2024	361	2	0	0	0	0	0	0	0	0	0	0
